review_id,review,rating,rating_derived_label,annotator_1,annotator_2,annotator_3,final_sentiment,Unnamed: 8,Unnamed: 9,Unnamed: 10,majority_label,full_agreement,requires_resolution
20580,Only 2 employee' s long wait @ 1.30 am?,3,Neutral,Negative,Negative,Negative,Negative,,,,Negative,True,False
21683,My 8yr old loves McGriddle's,5,Positive,Positive,Neutral,Positive,Positive,,,,Positive,False,False
15179,The bomb,5,Positive,Positive,Neutral,Positive,Positive,,,,Positive,False,False
7412,Cheap food. Make sure you get a straw,4,Positive,Neutral,Positive,Neutral,Neutral,,,,Neutral,False,False
1973,"Tl;Dr poor service, frequently gets orders wrong. We try and avoid this place even when we specifically have a hankering for McDonald's. We always have an issue at this McDonald's no matter what time of day, whether we order from a food delivery service or in person. The orders always get screwed up, from missing items to getting a sausage egg and cheese mcgriddle that just had cheese! If there was other fast food options besides pizza and halal nearby we'd probably never go here again. But today I finally understood why it's a mess: there's no communication. It was a busy time since school had just let out and I stood for about 5 minutes waiting for a Dr. Pepper and watched the crew work in relative silence while pushing out food orders without tickets and without speaking to each other. Anyone who has worked in food service knows a quiet kitchen spells more trouble than a loud one. Eventually my sister flagged down the man doing drink orders and asked if the drink he'd just placed in the row of 8 other drinks he'd been setting down indiscriminately was our Dr. Pepper and he said yes...it was a Coke. Management here really needs to have a talk to the crew about working together as a team and communication, especially when it's busy. Yes it's just a McDonald's, and I'm not expecting white glove service from a fast food joint, but our community deserves better than what we're getting for sure.",2,Negative,Negative,Negative,Negative,Negative,,,405.0,Negative,True,False
82,"The staff is very kind and the food is usually prepared in a timely manner, for this reason it'sone of my preferred location's. However the drive thru line can sometimes be an inconvenience as it can get very long and at times even block entrances.",4,Positive,Positive,Positive,Positive,Positive,,,472.0,Positive,True,False
2415,"Newly renovated. So far , so good",4,Positive,Positive,Positive,Positive,Positive,,,123.0,Positive,True,False
17431,"Well what can I say about McDonalds. It's not the best, but it is consistent. I would not recommend it as a steady diet.",3,Neutral,Neutral,Positive,Neutral,Neutral,,,,Neutral,False,False
2272,Clean dinning dining area and quick and friendly service.,5,Positive,Positive,Positive,Positive,Positive,,,,Positive,True,False
24701,"Used the drive thru. Ordered three large fries. Paid for three large fries. Received only two large fries, and no receipt was given to me, so I couldn't go in and prove that I ordered three.",1,Negative,Negative,Negative,Negative,Negative,,,,Negative,True,False
24052,Fast and customer service was a1,5,Positive,Positive,Positive,Positive,Positive,,,,Positive,True,False
2173,It doesn't matter how many nuggets you get you have to fight for the sauce. It's so annoying!,1,Negative,Negative,Negative,Negative,Negative,,,,Negative,True,False
2109,The usual McDonald's good drunk food. Crowed in drive thru service still pretty quick. Price went up a little not much still good deals,4,Positive,Positive,Neutral,Positive,Positive,,,,Positive,False,False
25132,Yummy breakfasts,5,Positive,Positive,Neutral,Positive,Positive,,,,Positive,False,False
24248,"Our little one was having a pretty rough morning and Ms. Maria stepped in and went above and beyond to try to make her happy. Margot ended up smiling and dancing and even ended up passing out a few high fives! Ms. Maria made all of our days better. Thank you for bringing a smile to our faces. The location service was prompt, our order from the kiosk was accurate, and the food was well prepared. Clean location and restrooms at 10:00am on a Thursday.",5,Positive,Positive,Positive,Positive,Positive,,,,Positive,True,False
7243,As usual good.Thanks for your professional service and excellent breakfast,5,Positive,Positive,Positive,Positive,Positive,,,,Positive,True,False
5266,I ordered 40pc chicken nuggets and only got 20. Someone needs to learn how to read better. It wasn,1,Negative,Negative,Neutral,Negative,Negative,,,,Negative,False,False
25624,Stopped here on a trip out of town. Very clean and fresh food compared to others I've been.,5,Positive,Positive,Positive,Positive,Positive,,,,Positive,True,False
7193,Consistently the best McDonald's I've ever been to my hat is off to the ownership and management team of this location by far best McDonald's ever,5,Positive,Positive,Positive,Positive,Positive,,,,Positive,True,False
11158,"This place does not deserve any stars. The worst ever. I'm sorry, I thought we still lived in America, please speak English & Spanish!!",1,Negative,Negative,Negative,Negative,Negative,,,,Negative,True,False
10621,Drive through only (we love LA),3,Neutral,Neutral,Positive,Neutral,Neutral,,,,Neutral,False,False
24455,Please calibrate The Soda's Machine correctly. He has been mixing and preparing sodas wrong for days,1,Negative,Negative,Negative,Negative,Negative,,,,Negative,True,False
495,Mid,2,Negative,Neutral,Neutral,Neutral,Neutral,,,,Neutral,True,False
19425,Small portions of food at increased prices.,3,Neutral,Negative,Negative,Negative,Negative,,,,Negative,True,False
21745,Bad service and dirt,1,Negative,Negative,Negative,Negative,Negative,,,,Negative,True,False
26185,"Terrible,the works was rude..I had to ask for napkins,ketchup,and BBq sauce for my nuggets and they gave me buffalo sauce instead.The ice tea tasted old and smelled sour.",1,Negative,Negative,Negative,Negative,Negative,,,,Negative,True,False
15582,"The lady that works on wensday,thursday and friday morning at 5 is very rude..Its like we r bothering her when we place a order through drivethru...",1,Negative,Negative,Negative,Negative,Negative,,,,Negative,True,False
7791,"I ordered 2 spicy chicken with two small fries. I was in a hurry & didn t check the bag. When I got home & ready to eat, it was short 1 spicy chicken. I went back to McDonald",5,Positive,Negative,Negative,Negative,Negative,,,,Negative,True,False
24059,Fresh and hot food!,5,Positive,Positive,Positive,Positive,Positive,,,,Positive,True,False
8225,Fresh and clean,5,Positive,Positive,Positive,Positive,Positive,,,,Positive,True,False
6121,Its a place to run in & grab something quick to eat . As far as sitting in there its not ok the ppl they allow in there are mostly homeless,2,Negative,Negative,Positive,Negative,Negative,,,,Negative,False,False
23393,The buttermilk crispy tenders are not crispy nor tender the meat is horrible the worst I've ever had why would I eat here when I can get some decent fries chicken and burgers at Culver's or some f the best fast food chicken from chik full,1,Negative,Negative,Negative,Negative,Negative,,,,Negative,True,False
15943,Very helpful staff,4,Positive,Positive,Positive,Positive,Positive,,,,Positive,True,False
333,Sometimes you don't get your order right,3,Neutral,Negative,Positive,Negative,Negative,,,,Negative,False,False
3607,"The truth is that in the USA in Queens they don't even let you sit in a drive tru, it's very ugly.",2,Negative,Negative,Negative,Negative,Negative,,,,Negative,True,False
12151,Newest but the slowest. Fifteen minutes at the drive through to get our meal.,1,Negative,Negative,Neutral,Negative,Negative,,,,Negative,False,False
3287,"McDonald's at a great location, and open 24/7, great especially when staying in a hotel close by.",4,Positive,Positive,Positive,Positive,Positive,,,,Positive,True,False
8991,Customer service was in okay I wish I spoke a little Spanish it would have been better if you know what I'm saying,4,Positive,Neutral,Positive,Neutral,Neutral,,,,Neutral,False,False
8351,Clean and fast,5,Positive,Positive,Positive,Positive,Positive,,,,Positive,True,False
19309,Very slow they do mobile orders last even when you pay in app. They make you wait if go inside .,1,Negative,Negative,Negative,Negative,Negative,,,,Negative,True,False
16352,"High volume drive thru, with heavy wait time. This McDonald's can't handle amount of people that here. If you want to wait a long time for the meal. Then you came to the right palce",2,Negative,Negative,Negative,Negative,Negative,,,,Negative,True,False
2503,Not clean place. Poor service.,1,Negative,Negative,Negative,Negative,Negative,,,,Negative,True,False
12115,Their food is excellent by day but mess up orders at night it seems like the best time to eat is in the morning,1,Negative,Neutral,Positive,Neutral,Neutral,,,,Neutral,False,False
2533,"Family place,great food",5,Positive,Positive,Neutral,Positive,Positive,,,,Positive,False,False
8033,Fish sandwich had been sitting and was terrible. Had gone through drive up...and just threw it away.,1,Negative,Negative,Negative,Negative,Negative,,,,Negative,True,False
30927,Slow. Manager Melissa not smart with cash register as other employees so sad. Waste of time.,1,Negative,Negative,Negative,Negative,Negative,,,,Negative,True,False
10166,"Wow what a McDonald's! This one has all of my favorite McDonald's menu items, like cheeseburgers, double cheeseburgers, Chicken McNuggets, Big Mac, milkshakes... My gosh they have got it all. Oh yeah, they have French fries, too! And milkshakes which taste exactly like McDonald's milkshakes. I expected that they would but you know it's always nice when things go according to plan. In conclusion, if you are ever in the mood for McDonald's food, then this location will fulfill that need A+!",5,Positive,Positive,Neutral,Positive,Positive,,,,Positive,False,False
21531,Just at the drive thru but food was good and fast,4,Positive,Positive,Positive,Positive,Positive,,,,Positive,True,False
17648,"Need more options, more",3,Neutral,Neutral,Positive,Neutral,Neutral,,,,Neutral,False,False
13717,"Really, the biggest McDonald's. The food was good. Bought pizza, fries, and pasta. Kids liked it very much. If you are in Orlando, you should give a try here. Depending from where you drive from, it may be difficult to enter.",5,Positive,Positive,Positive,Positive,Positive,,,,Positive,True,False
15293,Hteay,4,Positive,Neutral,Neutral,Neutral,Neutral,,,,Neutral,True,False
13854,If you haven't been here you need to see it!!! Updating Review this place is still very interesting definitely bringing the kids. food hasn't changed pizza is fantastic.,5,Positive,Positive,Positive,Positive,Positive,,,,Positive,True,False
25727,"This McDonald's is slow and they're always messing up your order..you go through the drive for fast service, only to have to wait 10 to 15 minutes for your food...AFTER you've already waited 10 minutes in line to pay..its ridiculous..",1,Negative,Negative,Negative,Negative,Negative,,,,Negative,True,False
4631,It was ok,4,Positive,Neutral,Positive,Neutral,Neutral,,,,Neutral,False,False
6561,Too crowded and not enough workers. The workers are so tired that they forget orders and screams to the customers.,1,Negative,Negative,Negative,Negative,Negative,,,,Negative,True,False
10971,"Poor service! I played order first, I got the last ! They gave me sausage McMuffin without egg even though I paid the price with egg! Really really bad service!!!",1,Negative,Negative,Negative,Negative,Negative,,,,Negative,True,False
471,Great service,4,Positive,Positive,Positive,Positive,Positive,,,,Positive,True,False
7247,Only because of the lack of training is why only did one . So much n,1,Negative,Negative,Negative,Negative,Negative,,,,Negative,True,False
11048,Cold food. Consistently given wrong order. Cashiers barely speak or understand English. This place is a joke. Avoid this location!,1,Negative,Negative,Negative,Negative,Negative,,,,Negative,True,False
7339,Good coffee and good breakfast to star a good day,5,Positive,Positive,Positive,Positive,Positive,,,,Positive,True,False
111,They tried to charge me for a piece of egg when I asked for a bacon egg and cheese McGriddle through the drive thru. I went inside and the manager tried to charge me when her employee never confirmed my order. All I said was sub bacon instead of the sausage and somehow the egg got taken off? I don,1,Negative,Negative,Negative,Negative,Negative,,,,Negative,True,False
10917,Worst service ever if it totally disrespected being disabled I have to be served outside window and they said no we can't do that and they forced me to go inside I'm asking where or just here's money I'll meet you outside they need threaten to call the police,1,Negative,Negative,Negative,Negative,Negative,,,,Negative,True,False
19689,Check your bag,3,Neutral,Neutral,Neutral,Negative,Neutral,,,,Neutral,False,False
6310,"I was waiting in line with my six year old son who had to go to the bathroom. The security guard was sitting down talking to a customer, I knocked on the door and realized there was no one inside. So I asked him to open the door. He told me that if I did not have attitude he could do it faster. Then he opened the door and said Black people always have attitudes. He proceeded to curse at. I went to talk to the manager who pretty much ignored me and continued cooking French fries. I called the corporate number. This was by far the worse experience I have ever had in a McDonald",1,Negative,Negative,Negative,Negative,Negative,,,,Negative,True,False
9592,The breakfast biscuit sandwiches are always good.,4,Positive,Positive,Positive,Positive,Positive,,,,Positive,True,False
14856,Very very slow drive thru,4,Positive,Negative,Negative,Negative,Negative,,,,Negative,True,False
14817,"Friendly customer service through drive thru service was great. Friendly, pleasant staff, offering fast service as well.",4,Positive,Positive,Positive,Positive,Positive,,,,Positive,True,False
3311,I bought ice tea and big mac chicken sandwich,5,Positive,Neutral,Negative,Neutral,Neutral,,,,Neutral,False,False
8126,If there was zero stars thry would get it. Awful service!,1,Negative,Negative,Negative,Negative,Negative,,,,Negative,True,False
24966,"At least they finally renovated, so it doesn't feel like the 60s still.",3,Neutral,Positive,Negative,Positive,Positive,,,,Positive,False,False
15034,They forgot my chicken fingers damn,1,Negative,Negative,Negative,Negative,Negative,,,,Negative,True,False
30777,"Unfortunately, for a ""fast food"" restaurant that is in proximity to massive convention hotels, they were very slow and never seemed to be ready for the rush!",3,Neutral,Negative,Neutral,Negative,Negative,,,,Negative,False,False
6053,I went late at night and they were out of a few things. Nothing I was trying to order though--quick and efficient. Be wary that NYC doesn't have deals on the McDonald's app like other cities do.,4,Positive,Neutral,Negative,Neutral,Neutral,,,,Neutral,False,False
2670,Nice and clean!!,5,Positive,Positive,Positive,Positive,Positive,,,,Positive,True,False
16492,"Cold burgers disgusting looking and tasting meat, the fries were the only",1,Negative,Negative,Negative,Negative,Negative,,,,Negative,True,False
21519,"When I ordered my food and finished it after about 20 minutes, waited to use the restroom and someone had defecated all over the toilet and I nust about threw up and had to leave.",1,Negative,Negative,Negative,Negative,Negative,,,,Negative,True,False
16795,Great service. English speaking.,4,Positive,Positive,Positive,Positive,Positive,,,,Positive,True,False
4248,"Absolutely horrid customer service; and even though I have lower expectations for a McDonald's in food quality, this has particularly bare food taste and is often served sloppily. Eye contact is optional in their employee training, apparently.",1,Negative,Negative,Neutral,Negative,Negative,,,,Negative,False,False
14949,Nice's Clean And Fast Drive Thru Service's,4,Positive,Positive,Positive,Positive,Positive,,,,Positive,True,False
30855,Over priced based on location. Bring your own food if you are traveling from out of town or try somewhere else.,1,Negative,Negative,Positive,Negative,Negative,,,,Negative,False,False
22695,Fast service but got our order wrong. Misstakes happen....,4,Positive,Neutral,Negative,Neutral,Neutral,,,,Neutral,False,False
11214,worst macdonalds i have been to . normaly i don t leave a review because it s macdonalds. it s most of the time good but i m traveling as a teen for almost a year and come to the macdonalds almost daily and never seen a place this dirty and so non customer friendly . i walked in and ordered mac nuggets i payed with quarters because i had to get rid of mine change . the lady walked off out of nowhere and came back and said you haven,1,Negative,Negative,Negative,Negative,Negative,,,,Negative,True,False
14462,Ok good wasn't fresh,1,Negative,Negative,Positive,Neutral,Negative,,,,,False,True
25843,We spent more than half an hour in the drive through. One person is doing all the work. The ice cream machine is not working as well as the milk shake :(,1,Negative,Negative,Negative,Negative,Negative,,,,Negative,True,False
24613,"If I could give this place a 0 star rating, I would. I work late and sometimes don t feel like cooking when I get home, so I stop at this McDonald s occasionally. But, 99% of the time they only take CASH! Which I ve never heard of in my entire life. Tonight at 12:25 am on 05/27 I was getting off of work, hungry. So, stopped at this awful place. WAITED for over 20 minutes in drive thru to just be tol",1,Negative,Negative,Negative,Negative,Neutral,,,,Negative,True,False
13654,"World's largest Mcdo, though doesn't seem that large inside. Since 6 out of 10 self order points were broken, the wait was very long before being able to order. The food was according to expectations.",3,Neutral,Neutral,Negative,Negative,Neutral,,,,Negative,False,False
16522,"Drive thru was fast with 3 point contact. Order taken in line, payment window then pick up window",5,Positive,Positive,Positive,Positive,Positive,,,,Positive,True,False
18600,Very busy!,4,Positive,Neutral,Positive,Neutral,Negative,,,,Neutral,False,False
13001,Your service was excellent the employee Erica needs a raise because when I got there the lines were long and she cleared them out real fast thank you Erica,5,Positive,Positive,Positive,Positive,Negative,,,,Positive,True,False
20299,"For God s sakes, please make the cookies fresh and warm when a customer orders them & stop baking 2 dozen ahead of time a",2,Negative,Negative,Positive,Negative,Positive,,,,Negative,False,False
33252,"The food is good but the service is bad, nobody pays attention to you",2,Negative,Negative,Neutral,Negative,Neutral,,,,Negative,False,False
20618,There to buy gas only.,3,Neutral,Neutral,Neutral,Neutral,Neutral,,,,Neutral,True,False
9063,It's okay it's not the best part of town a lot of homeless people and Drug dealers around I was just applying for a job if it's the day I'm thinking of it gets crowded a lot of Travelers it's clean you have to get permission to get into the bathrooms that sucks,3,Neutral,Neutral,Positive,Negative,Negative,,,,,False,True
19258,"NO SAUCE GIVEN!!! I ordered two bts meals and other things and extra bbq sauce but NOT ONE sauce was given. No cajun, sweet chili, or bbq. Had to eat the meals plain. :(",1,Negative,Negative,Negative,Negative,Negative,,,,Negative,True,False
10995,"Both English and Spanish staff. Very kind. The food is, you know, food from McDonald's, but the service and the restaurant are very good. Bathrooms were clean.",5,Positive,Positive,Positive,Positive,Negative,,,,Positive,True,False
30782,Drive through has issue with distinguishing double and normal hamburger,3,Neutral,Negative,Neutral,Negative,Neutral,,,,Negative,False,False
21152,"Luisa, the manager is great. She resolved an issue & went above & beyond what she was expected to do. Thanks for everything.",5,Positive,Positive,Positive,Positive,Negative,,,,Positive,True,False
20390,Always takes forever. They never smile and they re never that friendly. I ve gone at night when it,1,Negative,Negative,Neutral,Negative,Neutral,,,,Negative,False,False
26161,Honestly can't give a zero stars but I would if I could. This place was nasty. Dont know how they havent been shut down by health department.,1,Negative,Negative,Negative,Negative,Positive,,,,Negative,True,False
6386,my favorite part of the restaurant is the nice gentlemen worker who holds the door for you whenever you enter but he kinda smelly sometimes and i think he forgot his uniform at home,5,Positive,Neutral,Negative,Positive,Neutral,,,,,False,True
6726,Not bad. Could be cleaner.,4,Positive,Neutral,Positive,Neutral,Neutral,,,,Neutral,False,False
4443,good place to stop by if you need to pee,2,Negative,Positive,Positive,Neutral,Positive,,,,Positive,False,False
17456,"Fast friendly service, nice job",5,Positive,Positive,Positive,Positive,Positive,,,,Positive,True,False
7992,The service and food is horrible... too long to get my order,1,Negative,Negative,Negative,Negative,Negative,,,,Negative,True,False
17314,"Newly renovated, it's all shiny and new. I like the self-ordering kiosks they're putting in McDonald's; speeds everything up once you get the hang of it. The chocolate shake had both vanilla and chocolate; I liked it that way but they really should get that fixed. Going back for a bacon big Mac.",4,Positive,Positive,Positive,Positive,Positive,,,,Positive,True,False
30892,"Small one inside Walmart,has a bit of a wait tho as not many staff and as you can imagine it's very busy!x",4,Positive,Neutral,Neutral,Negative,Neutral,,,,Neutral,False,False
8398,Another McDonald's,3,Neutral,Neutral,Neutral,Neutral,Neutral,,,,Neutral,True,False
3128,"Me and my daughter had lunch, and loved it.",5,Positive,Positive,Positive,Positive,Positive,,,,Positive,True,False
18341,Just not a friendly place to eat and u rise your prices during covid19 u should be a shame of yourself never again will I eat here again.,1,Negative,Negative,Negative,Negative,Negative,,,,Negative,True,False
21979,Pleasant and quick,5,Positive,Positive,Positive,Positive,Positive,,,,Positive,True,False
11822,"You can enjoy eating in this place, I did not like eating outside the premises, besides the restrooms being closed",3,Neutral,Neutral,Negative,Negative,Negative,,,,Negative,False,False
1048,Great had just come from getting our great grandson a haircut,5,Positive,Positive,Positive,Positive,Positive,,,,Positive,True,False
14890,I use the mobile app I've just pull up and park in the spot five minutes later I have my food,5,Positive,Positive,Neutral,Positive,Positive,,,,Positive,False,False
8136,Clean establishment. Friendly faces fresh food,5,Positive,Positive,Positive,Positive,Positive,,,,Positive,True,False
13716,"Nope just nope. Stay away. Not worth your sanity at all. First it's packed. So very packed. When I went the game room up stairs with the huge play ground the air wasn't working, half of the games were broken, they are so short staffed there is no employee to redeem your tickets. The play area wasn't well cleaned at all and the bathrooms weren't kept up. I'm sure do to the fact they are so very busy and short staffed. The pizza was good and the peanut butter cake was good. But not worth the hype especially with all the craziness that was going among many other issues.",1,Negative,Negative,Negative,Negative,Negative,,,,Negative,True,False
17407,"They just need to make sure that the fries are hot....other then that, great customer service.",3,Neutral,Positive,Positive,Positive,Positive,,,,Positive,True,False
7294,Got food poisoning from breakfast. Rude service inside the dining room.,1,Negative,Negative,Negative,Negative,Negative,,,,Negative,True,False
14437,Speedy service that is what you expect from a McDonald's,5,Positive,Positive,Neutral,Positive,Positive,,,,Positive,False,False
22645,"Crazy busy, downloaded the app for next time.",3,Neutral,Neutral,Negative,Neutral,Neutral,,,,Neutral,False,False
25851,"Pure and utter trash, was in line after ordering for about 40min just to get stale fries, and tried passing diet coke for coke. Very distinct taste. If you're wondering, Fyi there was no way out of the line",1,Negative,Negative,Neutral,Negative,Negative,,,,Negative,False,False
22431,"Wow, a NEW McDonald's right across from the beach in Waikiki. The real estate is a little more than some places so expect a slightly higher price but its still cheap compared to other places in the area. Nothing beats a soft serve ice cream on a hot day.",5,Positive,Positive,Positive,Positive,Positive,,,,Positive,True,False
13398,Cheese was not melted in my cheese burger. French fries were good though,3,Neutral,Negative,Positive,Neutral,Neutral,,,,,False,True
20716,It's McDonald's..,4,Positive,Neutral,Neutral,Neutral,Neutral,,,,Neutral,True,False
6136,I had an awful experience at this location with one member of the security staff they hire to keep customers and employees,1,Negative,Negative,Negative,Negative,Negative,,,,Negative,True,False
8813,This place is not 24hrs at all. They need to fix it. Been there a few times late or early and they signs saying use the ap but no one is in building and ap does not place order.,1,Negative,Negative,Negative,Negative,Negative,,,,Negative,True,False
22638,Food was regular McDonald but the store was super busy,3,Neutral,Neutral,Neutral,Neutral,Neutral,,,,Neutral,True,False
10718,Service slow. Good salty,4,Positive,Negative,Positive,Neutral,Positive,,,,,False,True
23970,The food is the same each week but it's not that good,3,Neutral,Negative,Positive,Negative,Negative,,,,Negative,False,False
22123,Refreshments on the main street not far from the famous Welcome to Las Vegas sign. There is free parking and a great view of the beginning of Las Vegas. I must say that the food was tasty and everything was clean. Thanks,5,Positive,Positive,Positive,Positive,Positive,,,,Positive,True,False
2702,Nice and clean,5,Positive,Positive,Positive,Positive,Positive,,,,Positive,True,False
10691,Miami mcdonald s > any other mcdonald,4,Positive,Positive,Negative,Positive,Positive,,,,Positive,False,False
8704,Friendly staff. Was even offered a position. Yet I could not accept due to my being homeless at the moment..,5,Positive,Positive,Neutral,Positive,Positive,,,,Positive,False,False
15690,"This place is so not worth!!!!everytime I stop by here, the food is never fully cooked!! and they have bad customer service!",1,Negative,Negative,Negative,Negative,Negative,,,,Negative,True,False
10508,Great bilingual customer service at the window. Clean restrooms,5,Positive,Positive,Positive,Positive,Positive,,,,Positive,True,False
3329,Be ready to stand most of the time when you take dine in,3,Neutral,Neutral,Positive,Negative,Negative,,,,,False,True
5930,"I ordered a 6 piece chicken nuggets and when I get to my room I open the box to only find 4. They rip you off, check before you leave! Also, employees may follow you outside while saying insults towards you even if you patiently wait.",1,Negative,Negative,Negative,Negative,Negative,,,,Negative,True,False
9505,Horrible place to eat. Felt like I was in a homeless shelter kitchen restroom are filthy,1,Negative,Negative,Negative,Negative,Negative,,,,Negative,True,False
7204,"Eh it's McDonald's, fries are good, sodas are priced right and the new double cheese burger is actially pretty good - for McDonald's.",1,Negative,Positive,Positive,Positive,Positive,,,,Positive,True,False
18271,"This McDonald's screws up 96% of the time! Tonight was the last straw. My husband ordered 2 large fries, 2 PLAIN McChickens, and 2 large drinks.....The drinks were great.....the rest was not even what he ordered and OLD. In the bag was a fillet o fish (which to my surprise was the only fresh thing), 2 medium 5 year old fries, and 2- 10 year old cheeseburgers...seriously, the cheeseburgers were so old the cheese was crusting. Where is the quality????? They don't care if people are upset and/or get food poisoning?? Granted my husband should have checked the bag before leaving, but he didn't think to (not surprised). I was definitely upset the order was wrong and said whatever and we were going to eat it because we basically got smaller fries, but an extra sandwich, but those CHEESEBURGERS were so horrendous that whoever put that order together should be fired because it was just wrong..meat and cheese was well past shelf life and the pics I upload will show it. Way to go McDonald's for providing POOR SERVICE yet again.",1,Negative,Negative,Negative,Negative,Negative,,,,Negative,True,False
21445,"Ice cream machine was down for 2 days, not going to go back, just goto another McDonald's.",1,Negative,Negative,Neutral,Negative,Negative,,,,Negative,False,False
19310,Always a bad experience at this McDonalds check your Oder before leaving guaranteed it,1,Negative,Negative,Negative,Negative,Negative,,,,Negative,True,False
10053,"quarter pound deluxe no cheese???? why? cant do job right? salt even have no fry. still ate. unpleased, i hate burger kung",1,Negative,Negative,Neutral,Negative,Negative,,,,Negative,False,False
16018,Thanks for being open,4,Positive,Positive,Neutral,Positive,Positive,,,,Positive,False,False
23182,"In a pinch, it's food. My burger was slipped all over the inside of the wrapper and floating in grease. I just ate the dry parts. My husband's chicken sandwich came without any of the toppings and completely drenched in mystery dressing. Fries were super old and had that old grease fishy taste. Sodas (coke and Dr Pepper) were next to flat. We were starving after a long hot day so, we just ate it and tried not to think about it.",1,Negative,Negative,Neutral,Negative,Negative,,,,Negative,False,False
9517,Good people working together.,5,Positive,Positive,Positive,Positive,Positive,,,,Positive,True,False
23357,"Great location, they",5,Positive,Positive,Positive,Positive,Positive,,,,Positive,True,False
8770,The girl taking my order at the counter had a few suggestions on ordering that saved us some money.,5,Positive,Positive,Negative,Positive,Positive,,,,Positive,False,False
16390,This McDonald's is garbage. Dirty. No soda. Only take orders from 1 of the 2 lanes. Nope.,1,Negative,Negative,Negative,Negative,Negative,,,,Negative,True,False
13117,Right in front of the WORLD FAMOUS Santa Monica Beach Pier!,5,Positive,Neutral,Positive,Neutral,Neutral,,,,Neutral,False,False
28608,They were extremely slow.,2,Negative,Negative,Negative,Negative,Negative,,,,Negative,True,False
15037,I eat breakfast here almost every day.,4,Positive,Positive,Neutral,Positive,Positive,,,,Positive,False,False
6399,I would never go back there!!! It was dirty and saw several drug deals while eating my food... Never Again!!!!!,1,Negative,Negative,Negative,Negative,Negative,,,,Negative,True,False
32019,Is AT ver fast,5,Positive,Positive,Positive,Positive,Positive,,,,Positive,True,False
3270,"Few deals, like everywhere in McDonald's..help, no matter is lousy",3,Neutral,Negative,Negative,Negative,Negative,,,,Negative,True,False
25536,They are really good people that work at this McDonald's they go out of their way to help. The place is very clean and we'll run,5,Positive,Positive,Positive,Positive,Positive,,,,Positive,True,False
2156,Areas are generally clean and the staff are good natured.,3,Neutral,Positive,Positive,Positive,Positive,,,,Positive,True,False
20438,They don't know how to make a dang mcchicken,1,Negative,Negative,Neutral,Negative,Negative,,,,Negative,False,False
25096,The place is good. Accessible and fast service,4,Positive,Positive,Positive,Positive,Positive,,,,Positive,True,False
21122,I ordered an egg muffin at 5:30 AM. I was expecting a fresh one. The bread was overly chewy so for some reason I opened it up and looked inside. There were dark clumps of matter in which I can only presume was dead chicken fetus.,1,Negative,Negative,Negative,Negative,Negative,,,,Negative,True,False
31752,Best place for a great sausage mc muffin!!,5,Positive,Positive,Positive,Positive,Positive,,,,Positive,True,False
31947,Fun theme,4,Positive,Positive,Positive,Positive,Positive,,,,Positive,True,False
25014,Good fast food on the go!,5,Positive,Positive,Positive,Positive,Positive,,,,Positive,True,False
20628,Fast food,4,Positive,Neutral,Positive,Neutral,Neutral,,,,Neutral,False,False
12079,Food was fresh and the staff was very polite. Only had to wait a bit.,4,Positive,Positive,Positive,Positive,Positive,,,,Positive,True,False
26217,Tax service great place dairy Queen easy access to drive through and walk up dinning,5,Positive,Positive,Positive,Positive,Positive,,,,Positive,True,False
33280,"It's very good, during the day there are older Latina ladies who are very cool, but not at night and the place is not so nice. I'm surprised that McDonald's promotions in the USA are so bad.",4,Positive,Neutral,Positive,Neutral,Neutral,,,,Neutral,False,False
21216,"I will never go back this store again. Place mobile order for one ice coffee ONLY at 11 am, wait for 30 min then tell you they don t have it in system. After I show email receipt, they go back counter to check 3 times and finally say they found it (on the floor or what?) then another 15 waiting for nothing. Cashier keep saying I got other customer , we are working on your order",1,Negative,Negative,Negative,Negative,Negative,,,,Negative,True,False
16709,Good location. Good food and service.,4,Positive,Positive,Positive,Positive,Positive,,,,Positive,True,False
23176,Worst experience ever long wait. Then when I got to window waited again. Till I literally had to ask WHY AM I STILL WAITING FOR MY FOOD. as bags were sitting right in front of me.. Total wait time at this McDonald's was like 20 mins. RIDICULOUS..,1,Negative,Negative,Negative,Negative,Negative,,,,Negative,True,False
10900,This location is Very rude and impatient. This place needs to be shut down or replace the employees. Simple. All of the female staff is RUDE ...,1,Negative,Negative,Negative,Negative,Negative,,,,Negative,True,False
10284,The slowest drive true that ever been. I was in line for about 20 and they were only 4 cars ahead of me,2,Negative,Negative,Positive,Negative,Negative,,,,Negative,False,False
8693,"My neighborhood McDonald's and it's meh... lack luster service especially inside. They gotta keep the drive through times down so the dining room service is at best a ""C"". The security people there are always pressuring people to leave. Its assumed you're homeless or a bum so security gives you a time in which you've got to go. Then there's the food. I suggest a 5 - 10 minute walk to Apollo Burger.",3,Neutral,Negative,Positive,Negative,Negative,,,,Negative,False,False
22970,"Terrible.... 1st- no cashier, they force us to use the non user friendly kiosk. 2nd- why ask us to take a table number if you don't deliver the food. 3rd- 6 dirty tables. Don't you forget they are many other fast food options....",1,Negative,Negative,Negative,Negative,Negative,,,,Negative,True,False
11657,"Awesome staff, great MacFlurries...!!!!",5,Positive,Positive,Positive,Positive,Positive,,,,Positive,True,False
30882,"The service is not the best, but the food was good",3,Neutral,Neutral,Positive,Neutral,Neutral,,,,Neutral,False,False
10551,homeless are very agressive and smoking pot demanding money at drive through.,2,Negative,Negative,Positive,Negative,Negative,,,,Negative,False,False
21678,"Fast food , what can I say. Fills the belly",1,Negative,Neutral,Positive,Neutral,Neutral,,,,Neutral,False,False
15131,"Horrible service, and management",1,Negative,Negative,Negative,Negative,Negative,,,,Negative,True,False
20566,It's a good place to eat at,5,Positive,Positive,Positive,Positive,Positive,,,,Positive,True,False
32999,What the new number at Mc Donald,4,Positive,Neutral,Neutral,Neutral,Neutral,,,,Neutral,True,False
13272,"The coffee is good. It is clean and warm and safe. Afterwards, I always regret eating there.",3,Neutral,Neutral,Positive,Negative,Negative,,,,,False,True
6906,Everything was well and clean.,4,Positive,Positive,Positive,Positive,Positive,,,,Positive,True,False
6434,"There was like no ac! The toilets were so gross!! The food was like normal McDonalds, but it lacked a good atmosphere.",2,Negative,Negative,Negative,Negative,Negative,,,,Negative,True,False
25968,"Told a lady at least 3 times ketchup, barbecue and ranch",3,Neutral,Negative,Negative,Negative,Negative,,,,Negative,True,False
370,They are fast and the order is correct.,5,Positive,Positive,Positive,Positive,Positive,,,,Positive,True,False
23630,Terrible service. Charged me $7.98 for 2 snack size McFlurries when that is the price for 2 regular size. Asked for a meal and only gave me the burger. Full of dumb people that can,1,Negative,Negative,Negative,Negative,Negative,,,,Negative,True,False
18272,Urger buns taxted stale. Fries were little more than broken potato sticks. Absolutely terrible location!,2,Negative,Negative,Negative,Negative,Negative,,,,Negative,True,False
26246,Too much wait at midnight. Burger had unsatisfing taste and coke had no soda,2,Negative,Negative,Positive,Negative,Negative,,,,Negative,False,False
4460,Love there fries and there are so friendly,5,Positive,Positive,Positive,Positive,Positive,,,,Positive,True,False
22660,Clean. Friendly. Go loco and ask for special order of an egg McMuffin with SPAM.,5,Positive,Positive,Positive,Positive,Positive,,,,Positive,True,False
16337,The counter girl was very friendly and helpful! I want to use my app and the girl helped me out. I did have to wait almost 10 minutes to get someone to take my order. Thank you!,5,Positive,Positive,Positive,Positive,Positive,,,,Positive,True,False
13014,Great place to eat awesome staff friendly and helpful enjoy your meal as you'll be loving it.,5,Positive,Positive,Positive,Positive,Positive,,,,Positive,True,False
10410,The employees were a little distracted by each other but the service wasn't too bad.,4,Positive,Positive,Negative,Neutral,Positive,,,,,False,True
14155,Why would you ask me when im ordering if i want any condiment if ur just going to forget them. Fries are raw and my sandwich patty was hard but yet they still some how managed to smush the sandwich in half. Atlest they wore able to get the drink right.,1,Negative,Negative,Neutral,Negative,Negative,,,,Negative,False,False
14106,"Been understaffed for over a month. You expect McDonald's to be there for your midnight cravings. I remember a group of people were told that McDonald's was not taking their order due to being understaffed, yet there were 3 people in the back. It only takes 2 people to run things back there. What do you do during the day when you're understaffed? Lose out on the incoming money? If 2 people cant function in the back then you shouldn't be working there to begin with. Simple as that!",1,Negative,Negative,Neutral,Negative,Negative,,,,Negative,False,False
22076,It was dirty,2,Negative,Negative,Negative,Negative,Negative,,,,Negative,True,False
4541,Closed when is supposed to be 24 hours,2,Negative,Negative,Negative,Negative,Negative,,,,Negative,True,False
25541,Stopped by for a quick grab on my way home. Got my burger wrong but the drive through line was too long so I feed it to the birds. (10:30pm),1,Negative,Negative,Neutral,Negative,Negative,,,,Negative,False,False
11629,"Fast service, good fast food.",4,Positive,Positive,Positive,Positive,Positive,,,,Positive,True,False
8013,"Always mess up my order, just ordered uber eats and they messed it up. Called for the last hour and no answer, never again will order from them.",1,Negative,Negative,Negative,Negative,Negative,,,,Negative,True,False
24546,"Just went through the drive thru, young lady at payment window needs additional training on what is considered proper customer care. She was having a full on conversation with a coworker related to a personal matter (candy she had sitting on the counter next to her), the other coworker indicated she had a customer to which she stated "" I dont care"". She continued her conversation leaving me sitting there until she finished. Never said hello or thank you. Once I received my food it was in a bag dripping with grease. I should have driven a quarter mile up the road to Wendys. Shameful",1,Negative,Negative,Neutral,Negative,Negative,,,,Negative,False,False
22415,"Meh the place usually has a line, free refills and free Wi-Fi. Most meals come with PINEAPPLE but its 2.00 extra. At the time of order simply ask for no PINEAPPLE and the meal.price will be cheaper. If you forgot to ask for no PINEAPPLE in most cases they give you an apple pie.",3,Neutral,Neutral,Positive,Neutral,Neutral,,,,Neutral,False,False
23248,I didn't hate it. Why dies person taking order from drive thru window have such a hard time hearing the customers ordrr on speaker.,4,Positive,Neutral,Negative,Neutral,Neutral,,,,Neutral,False,False
30912,Drive through was congested and tourist mixed with locals makes the parking lot a war zone.,3,Neutral,Negative,Neutral,Negative,Negative,,,,Negative,False,False
22663,"Haupia pies, that's the post.",5,Positive,Positive,Neutral,Neutral,Neutral,,,,Neutral,False,False
22773,Good place four a quick bite.,4,Positive,Positive,Positive,Positive,Positive,,,,Positive,True,False
7915,"I understand that mistakes can be made, but when the order is done on Uber and you have the receipt and time to complete the order, how do you confuse a small Sprite for a tote of cookies?",1,Negative,Negative,Neutral,Negative,Negative,,,,Negative,False,False
24936,"This McDonalds has been recently remodeled. It looks great, clean and modern inside and outside! It has electronic boards for self ordering.",5,Positive,Positive,Positive,Positive,Positive,,,,Positive,True,False
4477,Nice location. Decent service.,3,Neutral,Positive,Positive,Positive,Positive,,,,Positive,True,False
2650,its ok,5,Positive,Neutral,Neutral,Neutral,Neutral,,,,Neutral,True,False
19444,"Horrible Horrible service, especially at night",1,Negative,Negative,Negative,Negative,Negative,,,,Negative,True,False
30754,"No inside orders, we walked from our hotel and couldn't order",1,Negative,Negative,Negative,Negative,Negative,,,,Negative,True,False
19652,The best at these spot,5,Positive,Positive,Positive,Positive,Positive,,,,Positive,True,False
1246,mmmm chimken,5,Positive,Positive,Neutral,Positive,Positive,,,,Positive,False,False
22492,Place was packed out. Standing room only. The service was very responsive. in spite of the huge crowd we received our food quickly.,4,Positive,Positive,Positive,Positive,Positive,,,,Positive,True,False
912,Time for McDonald's to open their doors for indoor seating. Pricing is getting out of hand as well. Can go to red Robin for $5 more and sit down to eat.,2,Negative,Neutral,Neutral,Negative,Neutral,,,,Neutral,False,False
18244,It's a pretty nice McDonald's. Not highest quality of food of course cuz it's fast food but I like the fries and getting deals. I've tried the mobile order a few times too and it's cool how they bring it to you and feels like there's less wait.,4,Positive,Positive,Positive,Positive,Positive,,,,Positive,True,False
22834,TERRIBLE SERVICE! Asked for the manager for refil e he turn around and started to do another thing completely different. ZERO ATTENTION TO CUSTOMER. I,1,Negative,Negative,Negative,Negative,Negative,,,,Negative,True,False
3677,Good place to go with family,5,Positive,Positive,Positive,Positive,Positive,,,,Positive,True,False
20552,Cheap fast and rather decent for the money and a quick fix,4,Positive,Positive,Positive,Positive,Positive,,,,Positive,True,False
847,"Ordered quite a bit of food. Never got the order, we ordered. Asked several times for them to check it, they said they did! Came home and found they forgot at least 2 main items. No napkins and forgot straw for drink. Oh yeah, lid on drink was not on properly. Very upset by the entire",1,Negative,Negative,Negative,Negative,Negative,,,,Negative,True,False
3326,Good food and great service,5,Positive,Positive,Positive,Positive,Positive,,,,Positive,True,False
33016,"Q rekooooo x""D",5,Positive,Neutral,Neutral,Neutral,Neutral,,,,Neutral,True,False
10366,"Dirty simply dirty, the worst customer service. Dirty tables they dont clean. Homeless taking baths in the public restroom.",1,Negative,Negative,Negative,Negative,Negative,,,,Negative,True,False
6809,Didn't have to get too close to actual people,5,Positive,Neutral,Negative,Neutral,Neutral,,,,Neutral,False,False
25551,"I had to ask for every single little thing. Ie: napkins, catsup, spoons for the sundays, peanuts, extra peanuts. My receipt. Clearly she didn't want to be at work. SMH. 0 RATING.",1,Negative,Negative,Negative,Negative,Negative,,,,Negative,True,False
2515,"Spacious, clean, big kids playground",3,Neutral,Positive,Positive,Positive,Positive,,,,Positive,True,False
10790,"At night, i ve been a very long queue to cashier. Too many strange people want to orders. services are very slow. many misunderstanding speak english conversation",2,Negative,Negative,Neutral,Negative,Negative,,,,Negative,False,False
23863,Always have a good experience when I do arrive.,5,Positive,Positive,Positive,Positive,Positive,,,,Positive,True,False
8631,"When there s people working, the service is pretty good today we went to the drive thru and no one was there to take our order",3,Neutral,Negative,Positive,Negative,Negative,,,,Negative,False,False
24230,Could only order from kiosk. Wanted some extras but serving staff struggled with English,2,Negative,Negative,Neutral,Negative,Negative,,,,Negative,False,False
16739,I just happen to love McDonald's,5,Positive,Positive,Positive,Positive,Positive,,,,Positive,True,False
3514,So so,3,Neutral,Neutral,Neutral,Neutral,Neutral,,,,Neutral,True,False
22619,Angela and manager elizabeth are great thanks!!,4,Positive,Positive,Positive,Positive,Positive,,,,Positive,True,False
32820,"Restrooms were super dirty, feces on the floor and toilet bowl.",1,Negative,Negative,Negative,Negative,Negative,,,,Negative,True,False
4143,"the second floor is closed, very dirty, you can't get into the toilet.",1,Negative,Negative,Negative,Negative,Negative,,,,Negative,True,False
14606,Slow and unorganized.,1,Negative,Negative,Negative,Negative,Negative,,,,Negative,True,False
24212,"Everything was great! Food was good and fresh. Place was clean. All the employees were very nice to us and attentive. Especially Patrick on the second floor, he was amazing. Kept everything clean the whole time, ask us how we were a few time and was very kind and polite the whole time, and takes very seriously his duties. Me and my kids enjoy our time a lot.",5,Positive,Positive,Positive,Positive,Positive,,,,Positive,True,False
7753,"A friend and I placed two separate mobile orders for drive through and theses two female employees are refusing to give us our orders because it didn t go through supposedly so we show them a receipt. They gave my friend his food, but they were refusing to give him his drink and my food. These to employees gave us a hard time calling us names in Spanish which we could understand what they said. We go to this McDonald s quite often and never had a problem until today they insult us and being rude for their mistake and not paying attention thankfull",1,Negative,Negative,Negative,Negative,Negative,,,,Negative,True,False
9253,"Slow service, full of dirty, vulgar customers. Wouldn't take my kids into this slum.",2,Negative,Negative,Negative,Negative,Negative,,,,Negative,True,False
14404,"Terrible slow service, terrible food ( even for McDonald's)",1,Negative,Negative,Negative,Negative,Negative,,,,Negative,True,False
30582,They need more staff members. they prioritize the drive thru customera and ignore the walking,1,Negative,Negative,Positive,Negative,Negative,,,,Negative,False,False
4579,The toilets were disgusting :/,3,Neutral,Negative,Negative,Negative,Negative,,,,Negative,True,False
19756,Great spot,5,Positive,Positive,Positive,Positive,Positive,,,,Positive,True,False
9297,Customer service was horrible and the security guy was mean and horrible. Will not be going back!!!,1,Negative,Negative,Negative,Negative,Negative,,,,Negative,True,False
23468,"Ordered a regular big mac with large fries. They gave me the Bigmac Bacon, it was cold. Fries were cold.",1,Negative,Negative,Negative,Negative,Negative,,,,Negative,True,False
8166,Some stuff was missing and wasn't cooked right,3,Neutral,Negative,Neutral,Negative,Negative,,,,Negative,False,False
32912,Today was the worse ever service,1,Negative,Negative,Negative,Negative,Negative,,,,Negative,True,False
22408,The employees were rude and they messed up my order. At one point I walked up to a woman to ask for a take out bag and she looked right at me and walked off.,1,Negative,Negative,Negative,Negative,Negative,,,,Negative,True,False
17344,"Just left this location during a very slow time, cashier had absolutely no patience, not helpful when I tried to use the app, had a terrible attitude, didn t even wait for me to finish ordering before she started taking the next order beh",1,Negative,Negative,Negative,Negative,Negative,,,,Negative,True,False
12047,"Ordered 40 dollars worth of food drove 15 miles home to find my grandson didn't get his chicken MC- nuggetsthen drove back 15 miles back for the nuggets gas + time because of their mistake And I get an apple pie, wip- pe do thanks alot Champlain MC Donands!!!!!",1,Negative,Negative,Negative,Negative,Negative,,,,Negative,True,False
5893,"Friendly staff, fast service, great place. You can enjoy your meal without any hassle.",5,Positive,Positive,Positive,Positive,Positive,,,,Positive,True,False
13363,They will let you use the bathroom.Give you a cup of water and amidst all the huddle.and bustle they still treat you well.,5,Positive,Positive,Neutral,Positive,Positive,,,,Positive,False,False
18401,Nice place to have quick lunch without any interruption or delay.,5,Positive,Positive,Positive,Positive,Positive,,,,Positive,True,False
14911,So slow for fast food. Half hour in the drive threw.,2,Negative,Negative,Neutral,Negative,Negative,,,,Negative,False,False
3134,Food is often cold. No matter what burger you order it comes made wrong. I only go here to get chicken nuggets or a mcflurry.,2,Negative,Negative,Negative,Negative,Negative,,,,Negative,True,False
6640,Only go to Mc donalds for the ATM the food is garbage Atm is free depending on your bank,3,Neutral,Negative,Positive,Negative,Negative,,,,Negative,False,False
12908,Great service. Nice kids play area.,5,Positive,Positive,Positive,Positive,Positive,,,,Positive,True,False
16923,Quet,5,Positive,Neutral,Neutral,Neutral,Neutral,,,,Neutral,True,False
15740,Not actually 24-hours. If you go late at night they,1,Negative,Negative,Negative,Negative,Negative,,,,Negative,True,False
22484,Good to grab a quick bite and bottomless drinks. Great option when you want something quick for a meal with out the fuss,5,Positive,Positive,Positive,Positive,Positive,,,,Positive,True,False
20544,This place was craze.. The rest rooms were very dirty... Gross.. Needed to be clean..,3,Neutral,Negative,Negative,Negative,Negative,,,,Negative,True,False
12926,Bad service didn't get my order complete.,1,Negative,Negative,Negative,Negative,Negative,,,,Negative,True,False
21417,We had to literally argue with the shift Supervisor to get more creamer and sugar for my coffee. Ill never go there again!,1,Negative,Negative,Neutral,Negative,Negative,,,,Negative,False,False
22712,I only stopped there because my dog likes their chicken nuggets,2,Negative,Neutral,Negative,Neutral,Neutral,,,,Neutral,False,False
5812,"This is my go to McDonald's spot at 262 Canal St. There are seats available to sit downstairs and upstairs. I like the atmosphere and spaciousness. The staff working here are friendly and polite. Today only you can get a free Mc chicken, no purchase necessary. I redeemed my free Mc Chicken, it was fresh and warm when I got mine.",5,Positive,Positive,Positive,Positive,Positive,,,,Positive,True,False
22688,"The best outside dining with view, McDonald's has anywhere in the world.",5,Positive,Positive,Positive,Positive,Positive,,,,Positive,True,False
17480,ORDERED 3 items only got 2,2,Negative,Negative,Neutral,Negative,Negative,,,,Negative,False,False
22299,"Stopped in for a quick bite to eat, I couldn't get breakfest because they said they stop serving breakfest at 11:00 am. And so I enjoyed a Big Mac with my morning cup of coffee, and a ice water, by the way its now .50cents for a cup of water.",4,Positive,Neutral,Positive,Neutral,Neutral,,,,Neutral,False,False
12294,Very slow,2,Negative,Negative,Negative,Negative,Negative,,,,Negative,True,False
7014,"The food came quickly and it was hot my sausage bisquick was really good, but the big breakfast came without condiments.We asked for salt, they said it was in the bag but the only thing in the bag was syrup and we didn't order pancakes.",3,Neutral,Negative,Positive,Neutral,Neutral,,,,,False,True
21370,our food was cold and we didn,1,Negative,Negative,Negative,Negative,Negative,,,,Negative,True,False
17540,Nice customer service . Quick and fast.,5,Positive,Positive,Positive,Positive,Positive,,,,Positive,True,False
13289,"Way too many homeless hang our here, makes the place and area seem dangerous and dirty. Restrooms were not so clean",1,Negative,Negative,Negative,Negative,Negative,,,,Negative,True,False
4939,Typical McDonald's,3,Neutral,Neutral,Negative,Neutral,Neutral,,,,Neutral,False,False
25856,"I beg you, go to ANY OTHER Mcdonald s in the area that s not this one. They don t know how to ring up a mobile order... the 1st girl told me",1,Negative,Negative,Negative,Negative,Negative,,,,Negative,True,False
6092,"Most of the ordering machines were broken. There was only one cashier, so the line moved incredibly slow. They refused to refill my ice tea, even though the other drinks were refillable through the machine. Prices were expensive.",1,Negative,Negative,Negative,Negative,Negative,,,,Negative,True,False
32078,Friendly staff!,4,Positive,Positive,Positive,Positive,Positive,,,,Positive,True,False
134,"Literally the only thing they did not mess up was the drinks. The frys were old and barely filled halfway and we ordered a large, the only condiment we asked for was ketchup...didn",1,Negative,Negative,Negative,Negative,Negative,,,,Negative,True,False
28551,Great place for kids in old town,5,Positive,Positive,Positive,Positive,Positive,,,,Positive,True,False
3610,"For self-help travel, choosing fast food is the most convenient way to solve meals. When you are in a foreign country, you think it is unpalatable, but it is actually quite delicious.",4,Positive,Positive,Positive,Positive,Positive,,,,Positive,True,False
15804,"Friendly, always accurate order. Cursors offered.",5,Positive,Positive,Positive,Positive,Positive,,,,Positive,True,False
11184,Congested location and interior. Employees always mess up orders - due to the fact that most do not speak English,1,Negative,Negative,Negative,Negative,Negative,,,,Negative,True,False
12126,I had to wait 25 minutes for a breakfast sandwich service very slow there and most of the food I've gotten from there since then has been cold,1,Negative,Negative,Negative,Negative,Negative,,,,Negative,True,False
2141,How is this 3 large fries?!,1,Negative,Negative,Positive,Negative,Negative,,,,Negative,False,False
21543,"Good food and price, but 5 flies are flying around your food.",4,Positive,Negative,Positive,Negative,Negative,,,,Negative,False,False
9033,Always mess up the orders inside and drive up. You always have to repeat your order 2-3 times. Awful!!!,2,Negative,Negative,Negative,Negative,Negative,,,,Negative,True,False
26189,"Good food, but terrible service. If you",3,Neutral,Negative,Negative,Negative,Negative,,,,Negative,True,False
21251,"no free refill at this Mc Donald, you have to ask the stuff (!!!) - just one refill is possible, restrooms are closed",1,Negative,Negative,Negative,Negative,Negative,,,,Negative,True,False
13345,Very Beautyfull,5,Positive,Positive,Positive,Positive,Positive,,,,Positive,True,False
8433,"I had an excellent experience in this place, the girl who served us at night through the drive thru was super friendly and cordial, she gave us information about what we asked her and she explained everything with pleasure. highly recommended",5,Positive,Positive,Positive,Positive,Positive,,,,Positive,True,False
18574,Good coffee.,5,Positive,Positive,Positive,Positive,Positive,,,,Positive,True,False
22639,quick service for carry out food,3,Neutral,Positive,Positive,Positive,Positive,,,,Positive,True,False
21770,Normal McDonald's. You'll feel bad after.,3,Neutral,Neutral,Negative,Negative,Negative,,,,Negative,False,False
12358,Service was awful,2,Negative,Negative,Negative,Negative,Negative,,,,Negative,True,False
10634,The app doesn't save you much money at all,3,Neutral,Negative,Positive,Negative,Negative,,,,Negative,False,False
22000,Mobile is cool,5,Positive,Positive,Positive,Positive,Positive,,,,Positive,True,False
16449,"Hey what can I say? But!!!!! Sure make not just good - Damn good hot French Vanilla Latte with whipped cream on top! I like it so much they recognize my voice coming thru the drive thru in Sherman Oaks. The only thing I like better is when someone brings it home to me and we put just a timble full of Bristole Cream, or Kalua, or my fav-o-rite Pennsylvania Dutch Egg Nog in it! Oooh weeeee! Better watch that Penn Dutch. Sure will creep up on you though!",3,Neutral,Positive,Positive,Positive,Positive,,,,Positive,True,False
266,It would be okay if I could communicate with the people that work there I suppose I am suppose to learn Spanish,1,Negative,Negative,Positive,Negative,Negative,,,,Negative,False,False
9053,"I don't know why do they have pick up option with phone number, because at night they keep it disabled making it difficult for people who place order online",1,Negative,Negative,Negative,Negative,Negative,,,,Negative,True,False
11981,"The man bathroom urinals stink so bad, the water does not flush the toxic substance in it. It gets busy when 2 buses pull in at the same time. The touch screen is not as easy to operate as most older people and many foreigners don't know how to place an order for the meal.",3,Neutral,Negative,Neutral,Negative,Negative,,,,Negative,False,False
26014,Pretty Clean dinning room and enough personal to serve you without make you wait too long. Big parking . Bathroom can be more clean. They have free WiFi.,3,Neutral,Positive,Positive,Positive,Positive,,,,Positive,True,False
13840,"This one is circular & has 2 levels with multiple kiosks to order. They served pasta, cheese steaks & fancy desserts as week as the usual. The dining room is huge, along with a small area with a brick oven for fresh pizza, an area with games & plenty of seating upstairs but it was so crowded, you couldn't enjoy it! Not worth the wait.",3,Neutral,Negative,Negative,Negative,Negative,,,,Negative,True,False
22746,Open 24/7 for all your dining needs.,3,Neutral,Positive,Neutral,Neutral,Neutral,,,,Neutral,False,False
16071,EA sports,5,Positive,Neutral,Neutral,Neutral,Neutral,,,,Neutral,True,False
11983,One of the best mcdonalds I have been too. We travel from Montreal to New York frequently and often stop by this mcdonalds. The service is always efficient and quick. Premises always clean! Definitely a thumbs up especially considering how filthy and awful some other mcdonalds can be!!,5,Positive,Positive,Negative,Positive,Positive,,,,Positive,False,False
25406,"Food was definitely not even close to being fresh ""ish""and the location, although you'd think is convenient after visiting the zoo ... It's a wreck waiting to happen if you try to drive in to their location.",2,Negative,Negative,Positive,Negative,Negative,,,,Negative,False,False
6833,Very fast service,4,Positive,Positive,Positive,Positive,Positive,,,,Positive,True,False
16500,my country men was serve and assist my order. thankz,5,Positive,Positive,Neutral,Positive,Positive,,,,Positive,False,False
8666,"Pretty good experience, considering I didn't buy anything this time. Not too spectacular to get around the peeps hangin around outside for no reason... but it IS downtown... and the only McDonald's for a pretty big radius. Inside was pretty good, with the new self-order station things. They've recently done some good renovations. Not too shabby, McD's... not too shabby.",4,Positive,Positive,Positive,Positive,Positive,,,,Positive,True,False
12153,All I'm gonna say is check your order before you leave the restaurant,4,Positive,Neutral,Neutral,Negative,Neutral,,,,Neutral,False,False
65,They run out of fry containers and constantly forget sauces. The dining room is still closed for some reason so have fun getting back in line for a sauce. Sometimes the fries aren't great which is a huge part of McDonald's. Come on guys...,3,Neutral,Negative,Positive,Negative,Negative,,,,Negative,False,False
26154,Very helpful and patient cashier and supervisor. Walk-in was very quick. Drive-thru was quite slow however.,4,Positive,Positive,Neutral,Neutral,Neutral,,,,Neutral,False,False
7422,Reliable McDonald with drive-in facility.,4,Positive,Positive,Neutral,Positive,Positive,,,,Positive,False,False
12827,"Some of the vacuums do not have good suction, too many tape ""repairs"" on them.",3,Neutral,Neutral,Positive,Neutral,Neutral,,,,Neutral,False,False
23965,Takes a little long to get your food,3,Neutral,Negative,Neutral,Negative,Negative,,,,Negative,False,False
30696,They got my order wrong walked away with my debit card my food was cold. They could not speak English. Awful location,1,Negative,Negative,Negative,Negative,Negative,,,,Negative,True,False
21792,Service was amazing but EXPENSIVE,2,Negative,Positive,Neutral,Positive,Positive,,,,Positive,False,False
11360,"It's a McDonald's, quick cheep place to eat.",5,Positive,Positive,Positive,Neutral,Positive,,,,Positive,False,False
5324,"We just tried to come through the drive thru it's 11:49 pm the car infront of us got to order , we pull up and the gentlemen tells us your closed ? I would understand if you didn't just take the order of the car infront of us. YOU CLOSE AT MIDNIGHT NOT 11:50 ! If your gonna close early and deny service, deny service to everyone 10 minutes early !!",1,Negative,Negative,Negative,Negative,Negative,,,,Negative,True,False
14134,Went through the drive-through and at 10:59am was told only serving breakfast and that I'd have to circle back around to the back of the line since lunch doesn't start until 11:00am.,1,Negative,Negative,Neutral,Negative,Negative,,,,Negative,False,False
11654,Everything was trash I'm sick bruh,1,Negative,Negative,Negative,Negative,Negative,,,,Negative,True,False
5827,"Servers have an unnecessary nasty attitude. Asked nicely to put ketchup packets in my bag, she threw them on the counter, and proceeded to speak spanish to another employee. Will never visit this location again!",1,Negative,Negative,Negative,Negative,Negative,,,,Negative,True,False
18443,People are always nice.,4,Positive,Positive,Positive,Positive,Positive,,,,Positive,True,False
10073,"This McDonald's is not a place where romances go to begin, nor to thrive. This McDonald's is where romances go to destroy themselves, one urine-scented moment of heartbreak at a time. No love has ever grown here. Nothing, in fact, has ever grown here. Plants wilt. Children become stunted.",5,Positive,Negative,Negative,Negative,Negative,,,,Negative,True,False
21742,Better service than most,3,Neutral,Positive,Positive,Positive,Positive,,,,Positive,True,False
24408,"Service is slow and painful, lost McDouble Bundle option on menu for budget minded customers. Still giving it 2 stars, because employees aren't paid enough to say, ""Have a Good Day"" when you getting order at pick up window. Change my mind next time I drive through and you'll get more stars... Like what you see? Just say... OYE! -The Blond One-",2,Negative,Neutral,Neutral,Negative,Neutral,,,,Neutral,False,False
25365,Just finished a remodel and took all the zoo animals away very disappointed in that however was clean and service was great.,3,Neutral,Positive,Neutral,Neutral,Neutral,,,,Neutral,False,False
31901,Good and fast service,4,Positive,Positive,Positive,Positive,Positive,,,,Positive,True,False
23714,"Went to grab some breakfast here since Chik Fila looked closed. Placed order for 2 Bacon/Egg/Cheese Biscuits and 3 showed up on the screen and the female on the intercom was quite inconvenienced to correct my order. Waited a minute, but when the items didn't appear on the screen, I said ""Ma'am?"" and her response was ""YEA?!"" in a condescending, scathing tone. I said never mind and got out of there. Heifer needs a reality check.",1,Negative,Negative,Negative,Negative,Negative,,,,Negative,True,False
2378,Dirty restroom but good service !,4,Positive,Neutral,Negative,Neutral,Neutral,,,,Neutral,False,False
8717,"Zero customer service skills. They don't even acknowledge yor presence. You talk to them and besides taking your order and your money, they don't even thank you for shopping there.",1,Negative,Negative,Neutral,Negative,Negative,,,,Negative,False,False
15632,The food was fresh. There are two employees that are rude Everytime. Maybe they are in the wrong field of employment,4,Positive,Negative,Negative,Negative,Negative,,,,Negative,True,False
13921,surprisingly fast for such a large busy location. After time at Disney it is nice to have a more affordable meal.,4,Positive,Positive,Positive,Positive,Positive,,,,Positive,True,False
20532,It took so long to get my food I thought I was waiting for them to finish slaughtering the cow to make my burger.,1,Negative,Negative,Negative,Negative,Negative,,,,Negative,True,False
33351,What a bad staff do not hire to eat there,1,Negative,Negative,Negative,Negative,Negative,,,,Negative,True,False
17,"The line wS extremely big and was moving very slowly, plus they were out of apple pies and strawberry cream pies, but they gave me substitute cinnabun, the staff was very apologetic for being slow & they were out of pies, but it was middle of the night and they were extremely under-staffed.",4,Positive,Neutral,Neutral,Neutral,Neutral,,,,Neutral,True,False
9735,Good services,3,Neutral,Positive,Positive,Positive,Positive,,,,Positive,True,False
30595,You have to order right and it was fresh early morning always great,5,Positive,Positive,Positive,Positive,Positive,,,,Positive,True,False
1203,The shake machine is never working.,3,Neutral,Negative,Neutral,Negative,Negative,,,,Negative,False,False
14054,they always forget the sauce when you ask for them. check your bags before you leave the drive thru,3,Neutral,Negative,Neutral,Negative,Negative,,,,Negative,False,False
13435,This McDonald's can't get their act together please take down the sign and close the dam place down..1st diet coke flat order was wrong..close this place DOWN,2,Negative,Negative,Negative,Negative,Negative,,,,Negative,True,False
22190,"Has a local menu. Food is good but service is non-existent here. You have machines which i used to select my order, however it takes forever to collect cash. You are positioned in the busiest place in town and yet the line doesn't move. I understand you have special needs working but that means their should be a 2nd person helping speed up the line up. Went 2 different days and whether it's late night or morning, same situation. Also.. You want to charge $0.50 for tap water. Never heard of a McD's charging for a cup of tap water before.",1,Negative,Negative,Neutral,Negative,Negative,,,,Negative,False,False
11516,Ordered mcchicken biscuit. Got just a biscuit. Extremely annoying.,1,Negative,Negative,Negative,Negative,Negative,,,,Negative,True,False
14820,The dining area is always closed and the drive-thru is very slow,2,Negative,Negative,Negative,Negative,Negative,,,,Negative,True,False
31960,No toys in kid meals,2,Negative,Negative,Negative,Negative,Negative,,,,Negative,True,False
6191,Too many people hanging around for change,3,Neutral,Negative,Positive,Negative,Negative,,,,Negative,False,False
7306,Clean and fast but no drive thru,5,Positive,Positive,Positive,Positive,Positive,,,,Positive,True,False
6406,this is my 2nd order Uber is great but my drinks were not delivered I did not say anything the first time but it happened again and when I tried to call the phone is not in service,1,Negative,Negative,Positive,Negative,Negative,,,,Negative,False,False
25494,Fancy Mcdonalds. Zoo theme nice. Everybody friendly. Had a hard working young man named Nathan. He was doing everything. Working hard. All over the restaurant. Just wanted to let him know somebody noticed.,5,Positive,Positive,Neutral,Positive,Positive,,,,Positive,False,False
26136,"Long wait in line, fries that were nearly room temperature, and 4 chicken tenders of which 3 were so tough they were like rubber bands. And the diet coke was found (after we drove out) to be cherry coke. One combo meal for a ridiculous $8+. This is one McDonalds we will avoid in the future. And maybe McDonald's chicken tenders at ANY location.",1,Negative,Negative,Negative,Negative,Negative,,,,Negative,True,False
21592,I just had the worst visit to McDonald's in Vegas on the strip,1,Negative,Negative,Negative,Negative,Negative,,,,Negative,True,False
14197,Food is fresh and the service is always in a timely manner. I work in the oilfield so most of the time I have to get food on the go. McDonald's in Pecos will always have my business.,5,Positive,Positive,Positive,Positive,Positive,,,,Positive,True,False
6819,"Full of drug addicts and homeless people, I was there on a Saturday for a coffee and left immediately.",1,Negative,Negative,Positive,Negative,Negative,,,,Negative,False,False
4196,"Closed at 5am at a ""24 hour"" McDonald's?? And now a week later cash only just like the chamber's st location... you kill postmates",1,Negative,Negative,Negative,Negative,Negative,,,,Negative,True,False
6007,"Popped in for a drink to pass some time between appointments and charge my phone. Nothing works and homeless people were skattered everywhere, eating ketchup packets. Pass.",1,Negative,Negative,Neutral,Negative,Negative,,,,Negative,False,False
25894,"Service too slow, over 30 minutes in the drive through. Only one worker was able to help me because the others did not speak or understand english.",1,Negative,Negative,Negative,Negative,Negative,,,,Negative,True,False
18214,"So I gave this a 3, mainly because they always get my order right. The customer service is not always there. Its hit or miss. Please Beware! The drive-thru has a narrow turn, I've seen too many cars scrape up the side hitting the barrier at the first window. It doesn't look like you're that close, but I promise, just take a wide turn in the drive-thru",3,Neutral,Neutral,Neutral,Neutral,Neutral,,,,Neutral,True,False
21788,"Prices are considerably inflated because it is ""on the strip"" .",2,Negative,Negative,Neutral,Negative,Negative,,,,Negative,False,False
30806,Ordered some fries along with some other food and thehe food was old and cold. I would never recommend this mcdonalds.,1,Negative,Negative,Negative,Negative,Negative,,,,Negative,True,False
2147,"It's a loud McDonald's, staff is ok. I always use drive thru, don't like to stay there too much noise.",3,Neutral,Neutral,Positive,Neutral,Neutral,,,,Neutral,False,False
10605,Drive thur line was too long. Lobby closes very early,4,Positive,Negative,Neutral,Negative,Negative,,,,Negative,False,False
11979,"Long wait drive thru 30 cars customer inside waiting over 20 minutes to get his order taken, poor service",1,Negative,Negative,Negative,Negative,Negative,,,,Negative,True,False
10930,"Always packed and food takes 20-30 mins sometimes, only worth it to save money but quality is not the best as others McDonald's off the beach",3,Neutral,Negative,Positive,Negative,Negative,,,,Negative,False,False
12712,Mc Donald's has a contract with Uber to give all drivers free coffee this one does not.,1,Negative,Negative,Positive,Negative,Negative,,,,Negative,False,False
21184,The kiosks are always breaking down and the cashiers don't like to place orders on the register. Besides the very poor customer service there are unfortunately alot of homeless people and junkies here that sometimes get violent and steal. I had my laptop stolen from this place. I reported it to the manager on duty since I sat in front of a camera but was not helped at all. Stay away from this place,1,Negative,Negative,Negative,Negative,Negative,,,,Negative,True,False
11765,Can't beat,5,Positive,Positive,Negative,Positive,Positive,,,,Positive,False,False
8755,"We were going to the Children's museum & my granddaughter wanted McDonald. Apparently at this location they will only take your order in the drive-thru. We had to call over the counter for help. We were told that we had to order from the kiosk. I explained to them that I had cash. They told me that I still needed to order from the kiosk & then pay cash at the counter...what...then why won't they just take my order??? Then we had to call over the counter a 2nd time because we were struggling with the kiosk. The lady that came out said I had to order my meal a la carte...what!!! Needless to say, we walked out & will NEVER return!!! If it's such an inconvenience to take people's orders inside maybe they should close the lobby at this location & only have the drive-thru. From the way people were treated while I was there & reading other reviews apparently the customers inside real do NOT matter. I'm surprised that McDonald's would allow a location (franchise) to treat customers this way.",1,Negative,Negative,Negative,Negative,Negative,,,,Negative,True,False
8175,Customer service is not that good so,2,Negative,Negative,Positive,Negative,Negative,,,,Negative,False,False
21662,Fast and friendly drive thru service,5,Positive,Positive,Positive,Positive,Positive,,,,Positive,True,False
21301,I've been in places in 3rd world countries cleaner than this. But I will say the food taste normal. If your at Mandalay bay and nothing else is open it's an option but I wont go hear again. Hopefully I dont get hepatitis.,1,Negative,Negative,Neutral,Negative,Negative,,,,Negative,False,False
10224,Fast customer service. Manager is friendly. They treat homeless with equal respect. Thumbs up for that! Fries were not as good as I expected. Thats why I give 4 points.,4,Positive,Positive,Positive,Positive,Positive,,,,Positive,True,False
169,Just came from the Lake Creek Festival location! I will not go there again! They continue too mess up my order ! I took back the order and the Manager was rude!,1,Negative,Negative,Negative,Negative,Negative,,,,Negative,True,False
902,"By far the worst of the franchise. This location does not sell McDonald's recipes or guidelines. 2 times i made a u-turn for over salted fries that can't be eaten for the amount of salt put on them. The burgers are not built to McD recipes they appear slopped together and backwards. To top it off the packing is without care. They mix multiple orders in different bags where another petson has to dig food out of another bagto putmy meal together. This is serious ignorance, laziness and incompetence management to say the least! Need more prople to contact corporate about this location...",1,Negative,Negative,Negative,Negative,Negative,,,,Negative,True,False
22463,The fries were cold and the Big Mac was cold and dry. The first Mc Donalds I ever ate at that didn't have a restroom to wash your hands. Is this even legal? Terrible Waikiki Mc Donalds.,1,Negative,Negative,Negative,Negative,Negative,,,,Negative,True,False
2747,Good stuff,5,Positive,Positive,Positive,Positive,Positive,,,,Positive,True,False
3720,Like all the premises of this company,3,Neutral,Neutral,Neutral,Neutral,Neutral,,,,Neutral,True,False
11904,Awful service. I'd starve before I eat at this location again. Person working the cash had no idea what they were doing. Others standing around not doing anything. Door was locked in the middle of the afternoon so people couldn't come into the lobby to order. No ice available for your drink. Do yourself a favour and find another location to eat at.,1,Negative,Negative,Negative,Negative,Negative,,,,Negative,True,False
13902,"This is the best McDonald's in the country! The service is on point! They are friendly and always looking to make your experience here better. The place is spotless. As for the kids, this place offers a 3 story playground along with video games. But what makes this place special is the staff in particular Perrin. This gentleman is at your service with a smile and a great personality. I can't say enough good things about this place! You need to relax and let the kids go after a long day at the park...? This is it!!",5,Positive,Positive,Positive,Positive,Positive,,,,Positive,True,False
13146,It's fairly crowded but got my iced macchiato and apple pie. The staff were friendly and attentive for the short interaction.,5,Positive,Positive,Positive,Positive,Positive,,,,Positive,True,False
2278,It's the second night that I come drive true no ice cream to bad,1,Negative,Negative,Neutral,Negative,Negative,,,,Negative,False,False
2123,I always buy ice coffee hazelnut I always ask for 4 cream and 4 sugar but you guys always make my order wrong please train your workers how to make ice coffee because I always drink half and throw the rest in the garbage because it does not taste the way how I want it,1,Negative,Negative,Negative,Negative,Negative,,,,Negative,True,False
14335,"Special order burger, just right. Yum.",5,Positive,Positive,Positive,Positive,Positive,,,,Positive,True,False
25489,"9/3/18 @ 1:50pm I came by McDonalds today and I went through the drive through the girl that takes your order did not even bother to Greet me and take my order she was just talking so much I guess she did not know she was gossiping and knew we can hear her but she was saying the most rudest things through speaker, it seems like she was talking to another employer. I kept saying helloo hellooo helloo and did not even bother to stop talking. Then when I pulled up to the first window the one that was so rude was the one that has a ring in her nose she is african american she did not even bother to repeat my order and did not offer to give me receipt. There was another girl next to her biting off her Acrylic Nails and was falling all over the table where the order computer were at SO DISGUSTING! I used to work here things have changed and these ghetto girls are so RUDE! At the pick up window that lady was so sweet she had a smile and greated us well.",1,Negative,Negative,Negative,Negative,Negative,,,,Negative,True,False
23452,Terrible service. Left the drive thru after barely moving for 10 minutes. Not prepared for late night customers.,1,Negative,Negative,Negative,Negative,Negative,,,,Negative,True,False
3265,McDonald's in New York City is way better service than elsewhere.,5,Positive,Positive,Positive,Positive,Positive,,,,Positive,True,False
24322,"The staff could have been a little more attentive to people when they have questions. Instead they were all standing there talking not acknowledging people if they had a question including me. I had a question about the new disney 50th toys, whether I could buy them individually or only in the happy meal and she was like annoyed that I asked. One gentleman wanted to order at the counter and they just yelled from behind the counters you have to place your order at the kiosk, so he walked away. He wanted to pay cash and didn't know how to do it on the kiosk, but they didn't want to be bothered. I understand times are tough right now, I work in food service as well, but there is no need to snap and be rude to someone with a simple question.",3,Neutral,Negative,Negative,Negative,Negative,,,,Negative,True,False
1506,No too bad,1,Negative,Neutral,Negative,Neutral,Neutral,,,,Neutral,False,False
15087,Fast and pleasant.,5,Positive,Positive,Positive,Positive,Positive,,,,Positive,True,False
11690,Same as all the other McDonald places,5,Positive,Neutral,Neutral,Neutral,Neutral,,,,Neutral,True,False
23691,"This location was awful today. They rang up our order wrong, then gave it to us still wrong. Took over 15 min to get our order and we had to ask for our drink cups so we could at least get our drinks while waiting. As we stood there, we saw almost every person have a problem with their orders. The person at the register was messing up every order and the back kept making the wrong things. Worst visit ever.",1,Negative,Negative,Negative,Negative,Negative,,,,Negative,True,False
13758,Unfortunately it's not got any better. The first time visiting this trip and they got my order wrong.... I didnt have much faith to begin with to be honest. The attention to detail here is lacking. And $5 for a latte is unreal.... Tourist trap central. Cross the road to checkers and get good food at a low price,1,Negative,Negative,Negative,Negative,Negative,,,,Negative,True,False
8115,Very fast service hot food.,4,Positive,Positive,Positive,Positive,Positive,,,,Positive,True,False
151,"Went thru the drive thru, for breakfast. I like the Egg McMuffin meal, but that is about the only thing I'll eat off of their menu. My meal with a coke, ended up being wrong. They gave me a sausage biscuit and the coke was horrible. The line was so long, that I did not have time to wait, so I just threw it all away. I won't be coming back to this location.",1,Negative,Negative,Negative,Negative,Negative,,,,Negative,True,False
11617,employees courteous food ok,4,Positive,Positive,Positive,Neutral,Positive,,,,Positive,False,False
21297,"Employees are rude, nothing was made after I placed my order online 30 minutes before. went through the drive thru and they didn't even know how to process the order through the app.",1,Negative,Negative,Negative,Negative,Negative,,,,Negative,True,False
19510,I'm from the area so I have been going here for years. It's so so.,2,Negative,Neutral,Neutral,Neutral,Neutral,,,,Neutral,True,False
19452,It was really dirty when I went,3,Neutral,Negative,Negative,Negative,Negative,,,,Negative,True,False
4584,I gotta stop coming here.,5,Positive,Negative,Neutral,Negative,Negative,,,,Negative,False,False
16811,Good friendly food,5,Positive,Positive,Positive,Positive,Positive,,,,Positive,True,False
12800,For fast food it was slow and really not clean like trash,1,Negative,Negative,Neutral,Negative,Negative,,,,Negative,False,False
15736,Clean but slow,3,Neutral,Neutral,Neutral,Neutral,Neutral,,,,Neutral,True,False
7085,I am not sure if anyone in the USA would read reviews about McDonald's but here it is anyways. They are mediocre even by fast food standard. Unless you are really hungry or thirsty always try to avoid it.,3,Neutral,Negative,Neutral,Negative,Negative,,,,Negative,False,False
14218,"Ate chicken nuggets which were surprisingly good. I""m picky about my nuggets. Fries sucked. Soggy and no salt on them. Threw them away. Honey mustard sauce was good.",3,Neutral,Neutral,Positive,Neutral,Neutral,,,,Neutral,False,False
21914,Great staff,4,Positive,Positive,Positive,Positive,Positive,,,,Positive,True,False
13932,"The kids had a blast! Very hectic and tons of folks are there. You order at a kiosk and then they bring your food to you. Our food arrived in an orderly time. Although, the fries were cold and we had to send them back. The kids enjoyed the play area and game area. I recommend you let your kids wear socks or bring some. Otherwise they run around the nasty floor barefooted when they are on the playground. They also have an icecream and dessert area.",4,Positive,Positive,Negative,Positive,Positive,,,,Positive,False,False
26071,Food was delicious....I always get the big mack and fries and ask for it to be HOT,5,Positive,Positive,Neutral,Positive,Positive,,,,Positive,False,False
28548,Need to update breakfast app menu and add back the souther style chicken biscuit,2,Negative,Negative,Negative,Neutral,Negative,,,,Negative,False,False
10786,"Horrible service. Ridiculous wait time. Waited such a long time for an ice cream cone. They have over 10 people working and yet they're slow. They have someone who prepares all drinks but by the time you get your food, the ice in your drink has melted since it has become warmed",1,Negative,Negative,Negative,Negative,Negative,,,,Negative,True,False
11737,This place is hit or miss.,3,Neutral,Neutral,Neutral,Neutral,Neutral,,,,Neutral,True,False
9294,"Food was OK, but they didn't bring it to your table as advertised on the kiosk.",3,Neutral,Neutral,Positive,Negative,Neutral,,,,,False,True
22647,Standard menu and quality. Mostly tourists and some interesting locals.,5,Positive,Neutral,Positive,Neutral,Neutral,,,,Neutral,False,False
14135,We had the hottest quarter pounder we have ever had! This Mcdinalds Ricks. The drive thru was fast and we even got enough napkins!!! Great job...keep it up. Ill go to this Mcdonalds any day!!!!!,5,Positive,Positive,Negative,Positive,Positive,,,,Positive,False,False
8430,"If you want to have an unpleasant time, go to the drive of this mcDonald's, they are all wrong from the first to the last and could it be that now the mcflury is just ice cream with a cookie sprinkle on top?",1,Negative,Negative,Neutral,Negative,Negative,,,,Negative,False,False
25865,Drive thru was quick and professional considering we had a order of 10 meals early in the morning,5,Positive,Positive,Positive,Positive,Positive,,,,Positive,True,False
7520,Good price,4,Positive,Positive,Positive,Positive,Positive,,,,Positive,True,False
11799,Rude,4,Positive,Negative,Negative,Negative,Negative,,,,Negative,True,False
16662,Can't go wrong with a 10-piece chicken McNugget meal,5,Positive,Positive,Negative,Positive,Positive,,,,Positive,False,False
5303,"Customer service needs more training. Girl (I said girl, I meant child), looked frightened to be there. Good news - I ordered 2 lg Frappes and they gave me a punch card to get a free one after buying so many. Only McDonald's I've been to with them. So good job! And girlfriend, practice makes perfect, put yourself out there!",3,Neutral,Positive,Positive,Neutral,Positive,,,,Positive,False,False
12413,"It is OK,",3,Neutral,Neutral,Positive,Neutral,Neutral,,,,Neutral,False,False
19402,The worst McDonald's restaurant service ever! The food was disgusting. Will never visit this location again.,1,Negative,Negative,Negative,Negative,Negative,,,,Negative,True,False
25093,"Very well cared for, the first macdonal emblados are very friendly where I am satisfied thanks to the bosses God bless you",4,Positive,Positive,Positive,Positive,Positive,,,,Positive,True,False
506,Goood good good,3,Neutral,Positive,Positive,Positive,Positive,,,,Positive,True,False
2647,cool,4,Positive,Positive,Positive,Positive,Positive,,,,Positive,True,False
29261,Nothing different really,3,Neutral,Neutral,Neutral,Neutral,Neutral,,,,Neutral,True,False
19351,There are better McDonald locations then here. Usually 9 out of 10 times they forget something you ordered.,2,Negative,Negative,Negative,Negative,Negative,,,,Negative,True,False
15421,Unqualified employees to serve customers. Too busy goofing off or eating fries to tend to customer needs. Milkshake was so watery wasn,1,Negative,Negative,Neutral,Negative,Negative,,,,Negative,False,False
21279,"I was very disappointed with my visit there, everything was a shambles from the moment we went in orders not processed properly didn't think anyone was taking charge on a good note when the food come it was good.",1,Negative,Negative,Negative,Negative,Negative,,,,Negative,True,False
17578,Love the singapore noodles!,4,Positive,Positive,Positive,Positive,Positive,,,,Positive,True,False
2162,"The service is lack, because of the internet orders. There is not enough of personnel to handle the cashier to receive the walk in orders. Very disorganized personnel, and they need supervision.",1,Negative,Negative,Neutral,Negative,Negative,,,,Negative,False,False
24407,Took over a hour for my order and they need a PC system to let people know their orders are ready. THEY NEED MORE HELP,1,Negative,Negative,Positive,Negative,Negative,,,,Negative,False,False
14279,Worst McDonald s experience. Meat was old and,2,Negative,Negative,Negative,Negative,Negative,,,,Negative,True,False
1080,Inconsistent inconsistent that's the truth. Also they don't clean the edges of the booths. Gross,2,Negative,Negative,Negative,Negative,Negative,,,,Negative,True,False
10388,"I don't know if the food's real but it's tasty and it's cheap... Thanks Mac""your real tasty clean and good...",3,Neutral,Positive,Positive,Positive,Positive,,,,Positive,True,False
24263,"Although conveniently located to several hotels, the hour wait to get my order shows incapability to handle the extra patronage. They are not adequately staffed to handle the extra flow of being centrally located. Even when we were at the window, it seems they were still scrambling to put our order together. Once back the hotel, we discovered that one of our orders was wrong! They placed bacon on one of the fish sandwiches!",1,Negative,Negative,Negative,Negative,Negative,,,,Negative,True,False
189,The last two times I went to this location the burgers were barely even warm when they were handed to me. I had to take them back because they were cool to the touch.,1,Negative,Negative,Negative,Negative,Negative,,,,Negative,True,False
19368,McDonald's. Ordered twice and twice my order was canceled Noone bothered to let me know just wasted time waiting for nothing.,1,Negative,Negative,Negative,Negative,Negative,,,,Negative,True,False
24479,All that technology and they can't remember how to put two sandwiches in a bag. Maybe if they had a few more people instead of LCD screens?,2,Negative,Negative,Negative,Negative,Negative,,,,Negative,True,False
11963,"Hello I was stunned to read reviews of this location on Google. Not our experience at all. My wife and I both agree that this was the finest, cleanest, friendliest McDonalds we have ever been to ... dating back to the mid 1970's! That's a lot of McDonalds all across Ontario, Quebec and probably 30 states in the USA. We stopped on our way through for a quick bite at about 11:30 a.m. Thursday May 9 and again at about 1:30 p.m. Monday May 13. We loved the staff, the patriotic decorations and just the overall welcoming atmosphere. What a place. Hope they keep it up!",5,Positive,Positive,Positive,Positive,Positive,,,,Positive,True,False
6073,Food was fast fresh and hot. Place was clean with rapid service,4,Positive,Positive,Positive,Positive,Positive,,,,Positive,True,False
881,"I like McDonald s, just not this McDonald s. The drive thru is a 10 minute wait. Only maybe 4 cars waiting ahead of you. You pay at first window then you pull up to second window. They tell you to pull off to the side in that space and we will bring it to you. An 8 minute wait there. When you get your food the Coke is flat and",1,Negative,Negative,Negative,Negative,Negative,,,,Negative,True,False
12321,Its McD's. Fast and cheap,4,Positive,Positive,Positive,Positive,Positive,,,,Positive,True,False
30932,"Great service, went the extra mile without prompting.",5,Positive,Positive,Positive,Positive,Positive,,,,Positive,True,False
8079,Some days the service is fast and others it takes forever.,4,Positive,Neutral,Positive,Neutral,Neutral,,,,Neutral,False,False
22921,Soooo slow. Waited on line so long to find out there were only 2 people working. Literally!!! I'm sure they make more than enough money to hire more people.,3,Neutral,Negative,Negative,Negative,Negative,,,,Negative,True,False
20723,"All very well, but customer service needs to be improved (sometimes)",4,Positive,Neutral,Positive,Neutral,Neutral,,,,Neutral,False,False
15839,They do pretty good for late late night.,4,Positive,Positive,Neutral,Positive,Positive,,,,Positive,False,False
15500,"This McDonald's is very low on service . When i first walked there was a smell of something rooting or something else and it just smelled horrible. Everyone that walked i would seem that . The soda station had trash on it, the tables weren't clean. I also had to wait an extra 10 min for my food but it was already ready but the people were just standing around not calling out my order.i had to go up to them and say is that my order and the guy said i don't know.",1,Negative,Negative,Negative,Negative,Negative,,,,Negative,True,False
14951,"No cars in the drive thru was great like 1,2,3",4,Positive,Positive,Positive,Positive,Positive,,,,Positive,True,False
28629,Very good food. Just lines are to long,4,Positive,Neutral,Positive,Neutral,Neutral,,,,Neutral,False,False
4450,I like to order here whenever I want to add more layer of flab,4,Positive,Positive,Positive,Neutral,Positive,,,,Positive,False,False
13477,"Great, locaton, busy place, good service, free parking.",5,Positive,Positive,Positive,Positive,Positive,,,,Positive,True,False
19782,I don't like it very much because whenever you order something they measure what it is not...,2,Negative,Negative,Positive,Negative,Negative,,,,Negative,False,False
11123,"Self-service machine doesn't work properly. Terrible service. Wrong meal given, after arguing I got the right one.",1,Negative,Negative,Negative,Negative,Negative,,,,Negative,True,False
21488,Worst McDonald's ever. Don't reckmmebdsvf,1,Negative,Negative,Negative,Negative,Negative,,,,Negative,True,False
4179,The Big Mac wasn't fresh but service was fast. ( I would like to suggest everyone to download their McDonald's app. They offer great deals & rewards points to receive free food ),4,Positive,Neutral,Positive,Neutral,Neutral,,,,Neutral,False,False
4136,Great customer service during my todays visit! Great team work!,5,Positive,Positive,Positive,Positive,Positive,,,,Positive,True,False
11297,Very efficient drive through staff. Great fries as well. The inside however is very Spartan and not clean. You also have to pay to use the bathroom! See my photo. What the what....,4,Positive,Negative,Positive,Neutral,Neutral,,,,,False,True
26138,"Kind person that cant manage to get an order right. 3 times I had to come back to get the order redone. Kind cashier, everything else about this place sucks.",2,Negative,Negative,Positive,Negative,Negative,,,,Negative,False,False
12881,Line horrible long fries cold sandwich awesome,2,Negative,Negative,Negative,Neutral,Negative,,,,Negative,False,False
26192,Horrible service 30 minutes for chicken nuggets... that should never happen management is definitely a must,1,Negative,Negative,Negative,Negative,Negative,,,,Negative,True,False
990,This McDonald s is the worst advertise they have certain menu items and whe,1,Negative,Negative,Negative,Negative,Negative,,,,Negative,True,False
22279,Hawaii Beach front McDonald's yes please,4,Positive,Positive,Neutral,Positive,Positive,,,,Positive,False,False
13905,"First of all keep on mind this is McDonald's a very upscale McDonald's but it is it. My family and I really enjoyed it here. It was very clean although crowded assistance was given with processing our order and the employee explained how I can get a discount through the McDonald's app, he was very patient. It is very large and the game room was great! The other employees were very nice and took our trays and trash. The was McDonald's flavor, but the pizza was good. The cookies were so fresh and warm, very delicious. More than the regular McDonald's food options. Overall a great visit!",5,Positive,Positive,Positive,Positive,Positive,,,,Positive,True,False
15466,"Went through drive thru, ordered a quarter pounder meal with out cheese . Was told only had can drinks. Ok, asked for a diet soda, I was told that they only have can drinks and water. Ok, so I said water. Then after I got my receipt and proceeded to next window, I looked at the receipt , and I was upcharged $.39 for the water. What the heck? So I asked the employee at the window, wht was I uocharged .39 cents for the water. She said "" I don't know, that's all we got"". I understand that the soda machines are down, but to offer can drinks and water, but uocharge, and not told why, or an employee to make the effort to explain, or even care. Terrible customer service. Disappointed.",2,Negative,Negative,Negative,Negative,Negative,,,,Negative,True,False
12980,Didn't get all my order- I feel scammed :(,1,Negative,Negative,Negative,Negative,Negative,,,,Negative,True,False
11167,"Super bad wait time and service food, the fries were plain with no flavor also .",1,Negative,Negative,Negative,Negative,Negative,,,,Negative,True,False
11462,Orders took forever uber eats pick up cant stand the bew rude staff.,2,Negative,Negative,Negative,Negative,Negative,,,,Negative,True,False
11824,Dirty needs more people to clean,3,Neutral,Negative,Negative,Negative,Negative,,,,Negative,True,False
2729,No specials,3,Neutral,Negative,Neutral,Negative,Negative,,,,Negative,False,False
16050,"Well, that's fine, but the machines don't have ice for soft drinks, it's the one inside the Alto Glory Walmart",2,Negative,Neutral,Positive,Neutral,Neutral,,,,Neutral,False,False
10082,"Horrible service. Rude staff named Marian. Went to several fast food joints s in new york, dc or LA and their service was nowhere as low as this one.",1,Negative,Negative,Negative,Negative,Negative,,,,Negative,True,False
7171,"This location was fast, accurate, and super friendly. Will come back in the future.",5,Positive,Positive,Positive,Positive,Positive,,,,Positive,True,False
11777,Dry hamburger buns,1,Negative,Negative,Neutral,Negative,Negative,,,,Negative,False,False
11688,Coffee is average and to sweet,2,Negative,Neutral,Neutral,Negative,Neutral,,,,Neutral,False,False
13208,Everything was everything as usual. Keep up the good work. Thanks to McDonald's for a happy meal,5,Positive,Positive,Positive,Positive,Positive,,,,Positive,True,False
2824,Clean and convenient! Good attitude,5,Positive,Positive,Positive,Positive,Positive,,,,Positive,True,False
18469,Awesome service and food was hot,5,Positive,Positive,Positive,Positive,Positive,,,,Positive,True,False
16986,McDonald's is McDonald's,4,Positive,Neutral,Neutral,Neutral,Neutral,,,,Neutral,True,False
12606,Wait time is too long and ordered french fries n it was cold,4,Positive,Negative,Negative,Negative,Negative,,,,Negative,True,False
14312,Awesome!! crew there was efficient and made my mcflurry extra delicious.,4,Positive,Positive,Positive,Positive,Positive,,,,Positive,True,False
12958,Drink machine disgusting I just wanted Sweet Tea ugh!,1,Negative,Negative,Negative,Negative,Negative,,,,Negative,True,False
14873,Prices are very high I don't think I will ever go back,1,Negative,Negative,Neutral,Negative,Negative,,,,Negative,False,False
9835,unhealthy,2,Negative,Negative,Negative,Negative,Negative,,,,Negative,True,False
7211,Three separate times we've been there they screwed up the order. Forgot something every time. Losers...,3,Neutral,Negative,Negative,Negative,Negative,,,,Negative,True,False
15772,This place is always out of Ice Cream. They also close at midnight when online it says open 24hrs.,1,Negative,Negative,Neutral,Negative,Negative,,,,Negative,False,False
21665,No cares given,1,Negative,Negative,Neutral,Negative,Negative,,,,Negative,False,False
5292,I had to go around the drive through 3 times to get everything that I ordered. Though people where usually very nice and apologetic.,2,Negative,Negative,Positive,Negative,Negative,,,,Negative,False,False
10112,"Bad service. Messed up my order. I tried to call them to get my money back they never picked up the phone, just bad service overall! Never going there again.",1,Negative,Negative,Negative,Negative,Negative,,,,Negative,True,False
22718,First ever mcdonald without toilet facilities and hand wash,3,Neutral,Negative,Neutral,Negative,Negative,,,,Negative,False,False
24006,Love it yall r the besttt!!!!!,5,Positive,Positive,Positive,Positive,Positive,,,,Positive,True,False
30943,This is a very busy McDonald's there is some wait here even through the drive through,4,Positive,Neutral,Neutral,Neutral,Neutral,,,,Neutral,True,False
23772,Misha and crew were awsome first I sd 60 nuggets strong noooo it was 80 nuggets strong....THANK YOU GUYS,5,Positive,Positive,Positive,Positive,Positive,,,,Positive,True,False
7824,"You guys mess up my Uber orders every time without fail. Whether it be a straw, a drink, an entire meal, or even an apple pie- you guys forget at least one of those things every time. I reordered the items that were missing from my previous Uber Order today and as soon as my courier reached your McDonald s, you guys disabled your Uber eats opti",1,Negative,Negative,Negative,Negative,Negative,,,,Negative,True,False
16900,Its Micky D's,3,Neutral,Neutral,Neutral,Neutral,Neutral,,,,Neutral,True,False
12623,The worst McDonald's experience of my life they seemed confused and unprofessional they didn't know how long my order would take yet they where serving people after me they ordered and got their food then left meanwhile I waited 20minuits and had to leave without the food because every time I asked how long they ignored me and walked away without any answers would not recommend to anyone.,1,Negative,Negative,Negative,Negative,Negative,,,,Negative,True,False
18505,It's ok. Average.,3,Neutral,Neutral,Positive,Neutral,Neutral,,,,Neutral,False,False
24520,The rep did not my order correct after I repeated it to him twice. When I got to the pick up window I told the rep I was missing nuggets and she said I was not charged for it. I told her that I would pay for it and said it was ok. She then gave me a 10 piece nugget instead of 6 I don't know where she got those nuggets from but they were ice cold. I felt so bad because my son bit into them and was so disappointed. Although I was less than a minute away I refused to go back because I felt that was done spitefully. Usually go to this location at least 4 times but will NEVER return and encourage any one I know to skip this location,2,Negative,Negative,Negative,Negative,Negative,,,,Negative,True,False
24222,"Hello everyone. First, I have to say that I have not been to McDonald's in forever!! With that being said, I went through the drive thru because I didn't want to get out. The young man who took my order was kind, that was the first window. 2nd window, a whole other story. Drive up, and right off the bat, this young lady looks mad that she is even working. You know, at least fake that you are Blessed to even have a job. I was scared to ask her for a cup holder, but I did any way, lol. I had the BigMac Meal and remember like I said I had not been in forever.... I DEVOURED THAT BIG MAC, it Was fresh, and so were the fries. I also had a Fish sandwich. So yes I recommend.",5,Positive,Positive,Positive,Positive,Positive,,,,Positive,True,False
2825,Excellent Place 1 (A),5,Positive,Positive,Positive,Positive,Positive,,,,Positive,True,False
5457,Not many seats for dining in.,4,Positive,Negative,Negative,Negative,Negative,,,,Negative,True,False
25421,"I work five minutes away from this store, so I go there all the time. Everytime I go there's a problem. This time my bun was so hard. The bottom bun. There's always something wrong. I worked for this same company for a lot of years,(swing manager). It's crazy. I've only got good service once or twice there.",1,Negative,Negative,Neutral,Negative,Negative,,,,Negative,False,False
12012,Not big the food,2,Negative,Negative,Neutral,Negative,Negative,,,,Negative,False,False
15003,Slow but good service,5,Positive,Neutral,Positive,Neutral,Neutral,,,,Neutral,False,False
2567,double cheeseburgers please,5,Positive,Positive,Neutral,Neutral,Neutral,,,,Neutral,False,False
31658,"Quick service, fresh food, and pleasant surroundings.",5,Positive,Positive,Positive,Positive,Positive,,,,Positive,True,False
19631,Improving every day!,4,Positive,Positive,Neutral,Positive,Positive,,,,Positive,False,False
32715,"Dirty, rude workers, food was cold.",2,Negative,Negative,Negative,Negative,Negative,,,,Negative,True,False
10113,Weird to review a McDonald s,5,Positive,Neutral,Negative,Neutral,Neutral,,,,Neutral,False,False
12784,"Love McDonalds. Especially the sandwiches with bacon. Great atmosphere, friendly staff. Very polite. Efficient.",5,Positive,Positive,Positive,Positive,Positive,,,,Positive,True,False
10276,"Worst people serving . I think the homeless people are nicer . And I'm upset because the guys act as though I'm not going to pay for the toy I asked for. This is a horrible place to eat . So just take your food yo go , here.",1,Negative,Negative,Negative,Negative,Negative,,,,Negative,True,False
16856,Thank you Elastrada .,3,Neutral,Positive,Neutral,Neutral,Neutral,,,,Neutral,False,False
1887,Ordered Uber Eats. No drinks or cookies were in my order. Cold food.,2,Negative,Negative,Negative,Negative,Negative,,,,Negative,True,False
1991,Attitude with no straws or ketchup. I torture myself by coming here because I always hope the customer service will improve. The staff's unprofessionalism has helped me to decide to detox from fast food.,1,Negative,Negative,Negative,Negative,Negative,,,,Negative,True,False
22446,Same ol' McDonalds but without a daaaaamn toilet wth?! Busy as and on the dirty side but with heaps of foot traffic I understand. Staff look like they try hard to maintain.,2,Negative,Neutral,Negative,Negative,Negative,,,,Negative,False,False
18544,Very clean and friendly.,5,Positive,Positive,Positive,Positive,Positive,,,,Positive,True,False
10259,"If i could give them 0 starts i would, they messed up my order and then when i took it back it took them another 10 min to re do it. Plus i was waiting for my order the first time for like 6-10 min, it was thru drive thru. Not satisfied at all",1,Negative,Negative,Negative,Negative,Negative,,,,Negative,True,False
15572,"1 star because workers apparently don't know items on their menu, then give you attitude because they don't know it? I almost laughed at how unprofessional that was, felt like I was giving my order to a 8yr old. But no it was a full grown lady, ridiculous haha",1,Negative,Negative,Negative,Negative,Negative,,,,Negative,True,False
10567,Had some free coupons food was excellent,5,Positive,Positive,Positive,Positive,Positive,,,,Positive,True,False
8644,Honestly.. idk who runs this place. But the turnaround time is patheticcccc. Like.. I get is McDonald s. The expectations are low. But this place routinely has the longest wait time I,1,Negative,Negative,Negative,Negative,Negative,,,,Negative,True,False
4254,"Food was the bog standard, biggest issues here are: 1. The cheeseburger I ordered had a hard bun. 2. Service was terribe there should be lines or devides to clearly mark queing lanes rather than someone shouting ""There are three lines"" and there be nobody serving in the other 2. 3. They messed up my order (seems to be the case in every McDonald's in NYC they seem to miss out 2 of the things on my order, that being fries or drink.) Wouldn't recomend.",2,Negative,Negative,Negative,Negative,Negative,,,,Negative,True,False
21716,Standard menu of course. But great service.,4,Positive,Positive,Positive,Positive,Positive,,,,Positive,True,False
7499,I love mcdonalds,5,Positive,Positive,Positive,Positive,Positive,,,,Positive,True,False
13805,We thought it would be cool to visit one of the largest McDonald's in the world. We regretted it. The chicken sandwich and pizza were all burnt a little too much. The ice machines weren't working very well. The place was a mess and loud for 430 on a Sunday. The arcade had a few money grabbers where it took your money but no game But the skeeball had a machine that let you play for free. This place is just crazy and more expensive than my usual trip to McDonald's. I don't need to try their pizza which isn't bad but not great either. I would skip this or plan to come to try the pizza only as the price of pizza is fair.,2,Negative,Negative,Neutral,Negative,Negative,,,,Negative,False,False
2153,"Food was fine, but they got part of my order wrong twice. However, they were responsive in correcting the matter.",3,Neutral,Neutral,Negative,Neutral,Neutral,,,,Neutral,False,False
2383,"Its ok, only 3 stars because a/c never works.",3,Neutral,Negative,Positive,Neutral,Negative,,,,,False,True
24005,Gotta love mickey ds,5,Positive,Positive,Positive,Positive,Positive,,,,Positive,True,False
8577,I wanted to order but they didn't have a curbside option and they weren't open for dining in. A bunch of people tries going through the drive thru but because we didn't have cars they wouldn't even talk to us. There were a lot of other customers too.,1,Negative,Negative,Negative,Negative,Negative,,,,Negative,True,False
3638,The attention is excellent! wifi etc. Like in your country! Economic!,4,Positive,Positive,Positive,Positive,Positive,,,,Positive,True,False
15418,Check your order.. if it's wrong you will have to go all the way around and waist 10 more minutes of your day,1,Negative,Neutral,Neutral,Negative,Neutral,,,,Neutral,False,False
1946,"I know it was just a McDonald s, but there are clean ones too where staffs regularly c",3,Neutral,Negative,Positive,Neutral,Negative,,,,,False,True
12812,It seem like every one was on some type of drug jus didn't seem like they zombies,1,Negative,Negative,Negative,Negative,Negative,,,,Negative,True,False
1028,Got the bundle good deal something for everyone.,4,Positive,Positive,Positive,Positive,Positive,,,,Positive,True,False
1959,"We didn't enjoy our visit to this McDonald location. The ice tea was warm, our fries and burger were cold and rubbery. The only thing I enjoyed was my cappuccino. We will not be visiting this McDonald's again. It wasn't that busy for them not to have hot fresh food prepared.",1,Negative,Negative,Positive,Negative,Negative,,,,Negative,False,False
16887,A classic,5,Positive,Positive,Positive,Positive,Positive,,,,Positive,True,False
3675,It is not very clean on the tables,3,Neutral,Negative,Negative,Negative,Negative,,,,Negative,True,False
24283,With the size of the big breakfast that would starve a child. Maybe you should start calling it baby breakfast. If you don't get cakes with it then you have over half a tray of just a bite of eggs two small strips of bacon and a dry/hard biscuit. I think a total of six bites and two minutes with phone in hand while eating and it was gone. There goes almost ten bucks.,1,Negative,Negative,Neutral,Negative,Negative,,,,Negative,False,False
22356,Wish i could give this place 0 stars..Computers go down everynight at the same time and slows service. This has been happening for the last 10 years. The after hours employees are zombies.... Very slow and unaware of whats going on in the place. Trash cans are left over flowing and customer service is 0.. Have a good talk with your night manager. Remember McDonald's is a part of the service industry.... i love McDonald's but myself and my friends will never set foot into this one again.,1,Negative,Negative,Negative,Negative,Negative,,,,Negative,True,False
6656,Great I took my girl to get something to eat,5,Positive,Positive,Positive,Positive,Positive,,,,Positive,True,False
24737,Took a little long to receive order. Never brought order to table. Had to go get from the counter. Food was good.,3,Neutral,Neutral,Positive,Neutral,Neutral,,,,Neutral,False,False
12031,"Food was cold. Asked for no pickles, got pickles. Fries were stale and we waited 10 minutes for the food. Why was it cold if we had to wait? Only reason we stopped was there was no where else to go.",1,Negative,Negative,Negative,Negative,Negative,,,,Negative,True,False
24769,"Took 15 mins to pick up my mobile order. 3 ppl working there and nobody knows where my order was. When I got it, it's already cold.",1,Negative,Negative,Negative,Negative,Negative,,,,Negative,True,False
7303,I cant remember the last time i had fresh french fries.,1,Negative,Negative,Neutral,Negative,Negative,,,,Negative,False,False
10088,"Fast service, although the table service which was supposed to work didn't work at all. It is super easy to order on the big screens and that's a benefit.",3,Neutral,Positive,Positive,Neutral,Positive,,,,Positive,False,False
15676,This is the WORST McDonalds EVER!!!!!!! Customer a Service here SUCKS. They argue with you. The customer is always right....but at this establishment the Employees are right. Run......Run......never eat here.,1,Negative,Negative,Negative,Negative,Negative,,,,Negative,True,False
13677,This is a fun place to check out if you re in the Orlando area. They have PIZZA which was pretty ok. There s a arcade that my kids really enjoyed! It,5,Positive,Positive,Positive,Positive,Positive,,,,Positive,True,False
7039,"Food tastes like any other Mc Donald's. There was a short wait. They were out of Diet Coke in both soda fountains. They were also low on ice for the drinks. The dining area needed to be cleaned of all the trash by the soda fountains, tables, and floors. They were also out of ketchup in the ketchup area by the soda fountains.",3,Neutral,Neutral,Neutral,Negative,Neutral,,,,Neutral,False,False
13290,Clean place even crowded. Even the food seems high quality also free parking. Near Santa Monica Pier,5,Positive,Positive,Positive,Positive,Positive,,,,Positive,True,False
18464,Definitely Mackey d's,4,Positive,Neutral,Neutral,Neutral,Neutral,,,,Neutral,True,False
33237,Worst MacDonald I've ever been to I hope I never go back it's all bad,1,Negative,Negative,Negative,Negative,Negative,,,,Negative,True,False
10448,"Gotta pay a cheeseburger to use the restroom, even for an emergency lol this is the only mcdonalds that's does this.",1,Negative,Negative,Positive,Negative,Negative,,,,Negative,False,False
844,Fine service. Gave me the wrong meal.,3,Neutral,Negative,Neutral,Negative,Negative,,,,Negative,False,False
22360,Mcds is wat it is. In some more trying times in my life mcds was literally a lifeline so I have to give them props. Although eating only mcds will legitimately be fatal after a month straight do not attempt.,4,Positive,Neutral,Positive,Neutral,Neutral,,,,Neutral,False,False
12572,Horrible service. All the employees are always clueless. Came to pick up an order and the employee tells me order isn't ready so to park in the front. Waited 15 mins for another employee to come out and tell me that my order was given out already. Told him why did the other employee tell me they are still making my order and he is telling me it was given out already. Had no explanation. Made me waist 30 mins of my time.,1,Negative,Negative,Negative,Negative,Negative,,,,Negative,True,False
2424,I like McDonald's is very nice,5,Positive,Positive,Positive,Positive,Positive,,,,Positive,True,False
8022,"Good one but didn't put a souse even tho I asked 3 times, really....",5,Positive,Negative,Positive,Negative,Negative,,,,Negative,False,False
23999,At least they got my order right.,2,Negative,Positive,Neutral,Positive,Positive,,,,Positive,False,False
90,"Night time drive through team seem really unprofessional. I ordered a meal with an extra fry, but when I got to the food window, was only given the fry with the meal. I mentioned the extra fry and was told I only paid for 1 fry. I offered to pay the difference for the extra fry, but was told I needed to drive back around and order again. Seriously? That's the response? Will not be returning.",1,Negative,Negative,Negative,Negative,Negative,,,,Negative,True,False
15790,"This is the slowest, most disorganized McDonald's I have ever eaten at. And I have eaten at McDonald's all over the western half of the US.",1,Negative,Negative,Neutral,Negative,Negative,,,,Negative,False,False
17436,Over priced disgusting food.,2,Negative,Negative,Negative,Negative,Negative,,,,Negative,True,False
24818,"Terrible experience. Came this morning at 4:28am, no egg whites, no scrambled eggs for big breakfast. Long story short.. waited almost 25 minutes to get the order. Unacceptable",1,Negative,Negative,Negative,Negative,Negative,,,,Negative,True,False
23802,Drive thru a little slow but friendly people and food on par,5,Positive,Positive,Neutral,Positive,Positive,,,,Positive,False,False
9657,My place for an apple pie and coffee!,5,Positive,Positive,Neutral,Positive,Positive,,,,Positive,False,False
8469,I came right at closing time and the manager took my order then when I got to the first window I was told sorry we are closed. I told him someone repeated my order and went to ask at the same time the manager came to the first window after telling his coworker the situation the manager hurry and got payment then hurried back to round up my order while everyone else was getting ready to leave he then got my order to me fast and fresh I couldn't have been more pleased with the service and the good attitude. If the workforce had more employees like this manager the world would be a lot better place to work in,5,Positive,Positive,Negative,Positive,Positive,,,,Positive,False,False
11080,"came here after a road trip at about 11pm, the food was GROSS.",1,Negative,Negative,Negative,Negative,Negative,,,,Negative,True,False
32990,Why do i come here?,3,Neutral,Negative,Neutral,Negative,Negative,,,,Negative,False,False
9132,I mean I guess it's food that is etible but a trash barricade kept me from going inside so I had to use the drive thru,4,Positive,Neutral,Negative,Negative,Negative,,,,Negative,False,False
10731,I m really sorry that I don,1,Negative,Negative,Negative,Neutral,Negative,,,,Negative,False,False
6613,Unfriendly Employees including the manager. The food did NOT taste right/ but stale.. A very WEIRD McDonald's..,2,Negative,Negative,Negative,Negative,Negative,,,,Negative,True,False
4666,# 3,5,Positive,Neutral,Neutral,Neutral,Neutral,,,,Neutral,True,False
21140,"One and half hour for burger in drive line. Disaster and disappointed. Few cars before me but took forever. I saw all bed reviews but nobody cares probably. Prices so high, quality so low and bad service.",1,Negative,Negative,Negative,Negative,Negative,,,,Negative,True,False
14217,Just picked up my order of a basket of fries,1,Negative,Neutral,Neutral,Neutral,Neutral,,,,Neutral,True,False
22805,It's nice to still have some locations open 24 hours. And despite mobile park/pickup or the dining room being closed. The way in which the team here was able to expedite the dining room was amazing.,5,Positive,Positive,Positive,Positive,Positive,,,,Positive,True,False
2255,OMFG!!!! THE ABSOLUTE WORST MC'DONALDS THAT I HAVE EVER DRIVEN THROUGH. WORST SERVICE EVER... NO APOLOGIES!!! Good luck to whom ever drives through that place.,1,Negative,Negative,Negative,Negative,Negative,,,,Negative,True,False
4693,nothing good,2,Negative,Negative,Positive,Negative,Negative,,,,Negative,False,False
14034,"Gas station McDonald's, adjoining but separate from the station's Timewise convenience store. (Bathrooms in-between, which were clean and multi-stalled.) Staff appeared to all be wearing masks, which is appreciable given their position of making food for and interacting with such a confluence of travelers from far-flung corners as they must. Food quality was on the high-side of McDonald's very small margin of differentiation. Only hic-up is that the space is not built for intimate conversations, and since they don't yell at you over the ambient hustle and bustle, I had some difficulty hearing the teller taking our order, as well as (though at a near table) did not hear our order number called -- hence I took off a star for ""ambiance"" in my rating here.",5,Positive,Positive,Neutral,Positive,Positive,,,,Positive,False,False
14110,"Pure trash. Worst experience on multiple occasions. Card swiped and charged twice. Took and act of Congress to get it reversed. Paid at the first window, drove to the second window, and employee says, ""You didn't pay for your food!"" Show the receipt and no apology or remorse, just ""oh?!"" Hands food to me. Last episode, shortchanged $20 of a $100 Bill. GM says next, we checked everything except what was actually take from the register and denies error in the transaction, but say I'll give you a free meal and dessert?! I can't wait to see that location shut down for good. Shame on the franchise owner and the corporation for the service at that location. Filing a police report and BBB complaint.",1,Negative,Negative,Negative,Negative,Negative,,,,Negative,True,False
10375,"Its kinda ghetto, only use drive through as unsavory crowd hangs out inside and outside. Lots of homeless asking for handouts near the drive through window.",3,Neutral,Negative,Neutral,Negative,Negative,,,,Negative,False,False
23551,Waited 30 minutes in drive thru line be told they are out of fish and chicken,2,Negative,Negative,Negative,Negative,Negative,,,,Negative,True,False
31799,Ice cream machine work 60% of the time,4,Positive,Negative,Neutral,Negative,Negative,,,,Negative,False,False
12463,After 2 hours at customs... Nothing better than a cheeseburger that you will bitterly regret for the next 2 hours on the road. He is in a terrible state.,2,Negative,Negative,Negative,Negative,Negative,,,,Negative,True,False
20573,Service is horrible. It is slow and customer service is poor.,1,Negative,Negative,Negative,Negative,Negative,,,,Negative,True,False
15088,Fast friendly service,5,Positive,Positive,Positive,Positive,Positive,,,,Positive,True,False
28541,Nice service but i see a super viser was talking bad to cow worker dint like the way she was talking she at like a man,5,Positive,Negative,Neutral,Negative,Negative,,,,Negative,False,False
2506,"Nice, warm & friendly place.",5,Positive,Positive,Positive,Positive,Positive,,,,Positive,True,False
31700,"Gave me the wrong drink, after 3 request",2,Negative,Negative,Negative,Negative,Negative,,,,Negative,True,False
23255,Food is slow to arrive 17 mins for a mc double... Most of the Management team is horrible and rude. The young shorter Hispanic lady manager is an asset and needs to be recognized..,3,Neutral,Negative,Negative,Negative,Negative,,,,Negative,True,False
12431,Yum,4,Positive,Positive,Neutral,Positive,Positive,,,,Positive,False,False
10967,"Asked for #1 combo . They charged me for the large . I went back to complain . Register guy said since I didn t specify, than they automatically give u the largest combo possible. Nancy the ma",1,Negative,Negative,Negative,Negative,Negative,,,,Negative,True,False
26167,They never get your order right and if you go between 5 and 6 am through the drive-through they going to always tell you system down customers please check your order before you leave there please,1,Negative,Negative,Neutral,Negative,Negative,,,,Negative,False,False
14572,Horribly long wait.,1,Negative,Negative,Negative,Negative,Negative,,,,Negative,True,False
15399,I enjoyed my deluxe spicy crispy chicken sandwich,5,Positive,Positive,Positive,Positive,Positive,,,,Positive,True,False
25930,"When your hungry,it's the place to go!",4,Positive,Positive,Neutral,Positive,Positive,,,,Positive,False,False
6443,Great customer service very friendly and helpful.. the managers angie and crystal also help get the food out fast and its a very clean place to eat,5,Positive,Positive,Positive,Positive,Positive,,,,Positive,True,False
23247,Keith Was very helpful and accommodating. You don t oft,5,Positive,Positive,Positive,Positive,Positive,,,,Positive,True,False
20345,"I stop here often only because it is on my way to and from work, but seriously this is by far consistently the worst McDonalds I have ever visited. The milk shake machine is always broke down, as was tne case today. I ordered a big mack, hold the catchup, fries and a diet coke. I even repeated myself to hold the catsup twice at the microphone and asked at the window again to insure she understood to hold the catsup on the burger and was meet with a very curt ""yes, I heard you"". Guess what , not only did they not hold the catsup but it was over loaded with extra catsup and I got a regular coke. Well at least the fries were right. I honestly believe the main problem is that the people taking orders at the drive thru speak poor English and obviously understand it equally as poorly, toped off with very poor customer service skills. They s eriously act like the customers are a bother.",1,Negative,Negative,Negative,Negative,Negative,,,,Negative,True,False
11192,Filthy place. No paper on the order kiosks. Tables and floor very dirty.,1,Negative,Negative,Negative,Negative,Negative,,,,Negative,True,False
7181,"Quality of the food is lower, and prices are a bit higher. Thank you Joe Biden.",4,Positive,Negative,Positive,Negative,Negative,,,,Negative,False,False
31918,Fun play area for children,4,Positive,Positive,Positive,Positive,Positive,,,,Positive,True,False
12527,"Went through Drive Thru, in and out fast, back to my office in no time.",5,Positive,Positive,Neutral,Positive,Positive,,,,Positive,False,False
31801,Gave me diarrhea that lasted almost a week,1,Negative,Negative,Neutral,Negative,Negative,,,,Negative,False,False
9402,Staff behind the counter watched a homeless drug addict get right in my face and demand money...and they did absolutely nothing. The guy even followed me from the waiting line to the condiment area and just kept staring. 9 in the morning during the work week.,1,Negative,Negative,Negative,Negative,Negative,,,,Negative,True,False
14095,It was ok but they didn't bag my happy meals and my nuggets and and no drink holder 3 drinks and a shke so it all feel out in the car and the shake stained my seats but ##it happens right,2,Negative,Negative,Positive,Negative,Negative,,,,Negative,False,False
10717,"Too busy, machines don",1,Negative,Negative,Neutral,Negative,Negative,,,,Negative,False,False
6414,A little better this time. They didn't have any homeless people inside or outside. The police was standing outside.,4,Positive,Positive,Negative,Neutral,Neutral,,,,,False,True
10519,Great little McDonalds. Staff was fastm,5,Positive,Positive,Positive,Positive,Positive,,,,Positive,True,False
23745,Worst McDonalds. The girl at the window had no idea what she was doing. She got an attitude and got her manager because she couldn't handle why we were asking for the new garlic white cheddar burger. Every worker here makes it obvious they don't want to work.,1,Negative,Negative,Negative,Negative,Negative,,,,Negative,True,False
8562,I went to walk in the lobby and the doors were locked 20 minutes before closing time. Horrible customer service!,1,Negative,Negative,Negative,Negative,Negative,,,,Negative,True,False
24391,Good hot food. A bit of a wait for a McMuffin at 6:30am. Nobody else in line at the drive thru. They had to ask the chicken for more eggs?,4,Positive,Positive,Positive,Neutral,Positive,,,,Positive,False,False
2474,Quick but very busy.,4,Positive,Positive,Positive,Positive,Positive,,,,Positive,True,False
23959,"Unprofessional staff, and clearly showing poor care about customers!",1,Negative,Negative,Negative,Negative,Negative,,,,Negative,True,False
14123,"Ordered their all day breakfast around 9pm after work and had 2 hash browns and a sausage biscuit. The biscuit was so hard that I could not bite through it and I even made a hole in the top when I was just trying to bend it to see if it would move and obviously it was very old. I was inside so I took it back and asked for a new one and I even apologized for causing them trouble. I waited about 10 minutes and when they brought what was supposed to be a new one out to me, it was the same one!! It was smashed so they had probably tried to see if I was lying about the texture and smashed it when they saw how hard it was. They had reheated it and gave it back to me with the hole on the top biscion to not do so. Imagine what they are giving you :)",1,Negative,Negative,Negative,Negative,Negative,,,,Negative,True,False
12868,When I was young. My Mom & Dad would take all us kids to McDonald's for family night out.,5,Positive,Positive,Neutral,Positive,Positive,,,,Positive,False,False
7554,open at midnight.,4,Positive,Positive,Neutral,Neutral,Neutral,,,,Neutral,False,False
13202,"This is my go to McDonald's, now with automated cashiers ordering is quick and easy, nice and clean, courteous employees, it's just getting better!",4,Positive,Positive,Positive,Positive,Positive,,,,Positive,True,False
24743,"It took more than 30 minutes to get the food, they had 3 girls at front including the manager. The manager was working so hard and even with angry customer she had a smile on her face. If I were her I couldn't do the job. I think they need more people like her.",4,Positive,Positive,Negative,Positive,Positive,,,,Positive,False,False
19513,The best and fast when time to pick up,5,Positive,Positive,Positive,Positive,Positive,,,,Positive,True,False
11624,Its friendly enough but needs cleaning,3,Neutral,Neutral,Positive,Neutral,Neutral,,,,Neutral,False,False
18239,I've ubered and ordered at this particular McDonald's and I've always had a positive experience. They don't ignore you and they actually get to their customers in the order that they are in. Great team up there and positive work attitude!,5,Positive,Positive,Positive,Positive,Positive,,,,Positive,True,False
9424,There's no need to order from the drive thru because you'll receive whatever they put in your order,1,Negative,Negative,Neutral,Negative,Negative,,,,Negative,False,False
14683,Oh my God I love this place I wish to hear every single day like McDonald's is the freaking best chicken nuggets but then I want to charge them!,5,Positive,Positive,Positive,Positive,Positive,,,,Positive,True,False
15371,"This place is always awfully busy and slow. Not their fault But we are very unsatisfied with the treatment received at the drive thru the other day. You don t call out your clientele for whatever reason especially not in such a blunt, rude fashion. If Ra",1,Negative,Negative,Negative,Negative,Negative,,,,Negative,True,False
9822,Excellent service and of course the chicken they sell is very tasty,5,Positive,Positive,Positive,Positive,Positive,,,,Positive,True,False
31934,Very dirty place!,1,Negative,Negative,Negative,Negative,Negative,,,,Negative,True,False
31653,No straw no napkins and my frys were old,1,Negative,Negative,Negative,Negative,Negative,,,,Negative,True,False
21652,"Strip location, quick service, eat and go back to casino.",3,Neutral,Positive,Positive,Positive,Positive,,,,Positive,True,False
24918,"Its really annoying that Google does not seem to let you report an Unknown Closed. I do not know if the location is permanently closed. All I know is that I visited on Sept. 11 and there store and some of the surrounding parking was blocked off with fencing, the store did not seem to be conducting business, and there seemed to be some dumpsters and signs of demolition. No indication of nature or duration of the closure. Hence cannot say if its permanent. But they seem like they may be closed for a while. No notice beforehand from staff or signs.",1,Negative,Negative,Negative,Neutral,Negative,,,,Negative,False,False
11034,Always quick service,5,Positive,Positive,Positive,Positive,Positive,,,,Positive,True,False
3573,Its mcdonalds,5,Positive,Neutral,Neutral,Neutral,Neutral,,,,Neutral,True,False
9370,Great location in the heart of DC. It is really close to DuPont Circle. The staff was pleasant. The food was above average for McDonald's standards. Go in grab a bite in a small period of time. I would go back if I am in the area.,3,Neutral,Positive,Positive,Positive,Positive,,,,Positive,True,False
4428,Clean tables. Fast service and friendly staff,5,Positive,Positive,Positive,Positive,Positive,,,,Positive,True,False
26238,Customer service needs to improve. Especially The drive-through area..,3,Neutral,Negative,Neutral,Negative,Negative,,,,Negative,False,False
16365,Food was hard and cheese danishes were hard Workers forgot to give me water bottles. They were just talking and seemed like they weren,1,Negative,Negative,Negative,Negative,Negative,,,,Negative,True,False
14628,Great coffee!!!,4,Positive,Positive,Positive,Positive,Positive,,,,Positive,True,False
6774,A little slow but great food,5,Positive,Positive,Positive,Positive,Positive,,,,Positive,True,False
62,Never would come back here again my mother was asking for a coke and the lady became rude and said to her coworker in Spanish omg this fat women it hurt me that she said that and we know what she said so teach your employees how to speck properly in front of people,1,Negative,Negative,Negative,Negative,Negative,,,,Negative,True,False
10556,alright.cool.n.clean.pico Rivera.in walmat.super gigantic walmart.,1,Negative,Positive,Neutral,Positive,Positive,,,,Positive,False,False
24089,I love ice cafe,5,Positive,Positive,Positive,Positive,Positive,,,,Positive,True,False
26194,"It was good kinda fast but they gave me a hard, burnt sausage mcmuffin so",3,Neutral,Negative,Positive,Neutral,Negative,,,,,False,True
21421,My hat goes off to the lady that's works there. Don't know her name but she was pregnant. She was working the front counter and drive thur at the same time. Do not complain about it.,5,Positive,Positive,Negative,Positive,Positive,,,,Positive,False,False
23915,Pictures are misleading. No way does that chicken sandwich is so big liar liar pants on fire!!,2,Negative,Negative,Negative,Negative,Negative,,,,Negative,True,False
1930,The worst McDonald s I have ever been to and will never go back again. We had to repeat our order like 5 times and they still messed up,1,Negative,Negative,Negative,Negative,Negative,,,,Negative,True,False
9178,Took like forever to get just a large sweet tea. Must have been a slow night.,1,Negative,Negative,Neutral,Negative,Negative,,,,Negative,False,False
1145,"Never fails, always hits the spot lol",5,Positive,Positive,Positive,Positive,Positive,,,,Positive,True,False
25668,Depends on the worker that you get can either be really nice or really rude! What can you expect from McDonalds in oak cliff?!,2,Negative,Neutral,Negative,Neutral,Neutral,,,,Neutral,False,False
12101,They did pretty good for late night and a bus full of people. Food was hot!,3,Neutral,Positive,Positive,Positive,Positive,,,,Positive,True,False
25340,I think I've always loved McDonald's and I really like what they have with the vanilla milkshake and I get to Becky McDonald's and sometimes in order of tater tots real good place real good food,5,Positive,Positive,Positive,Positive,Positive,,,,Positive,True,False
31798,Fast service good morning service,5,Positive,Positive,Positive,Positive,Positive,,,,Positive,True,False
24099,The sandwich was delicious.,4,Positive,Positive,Positive,Positive,Positive,,,,Positive,True,False
6594,Great customer service. Not all McDonald's are the same anymore.,5,Positive,Positive,Positive,Positive,Positive,,,,Positive,True,False
4369,If I could rate this place a 0 I would. No smoothies or drinks of that sort both times I went. WORST customer service I've ever encountered. Avoid this place.,1,Negative,Negative,Negative,Negative,Negative,,,,Negative,True,False
3295,Fast efficient service,5,Positive,Positive,Positive,Positive,Positive,,,,Positive,True,False
10152,"Update: give a raise to the cashier and everyone who taking out the trash in this heat! Always empty in the morning which is good if your in a hurry , also staff is super friendly",5,Positive,Positive,Positive,Positive,Positive,,,,Positive,True,False
1169,What can I really say about Mickey D,3,Neutral,Neutral,Positive,Neutral,Neutral,,,,Neutral,False,False
9569,It was quick easy and close for an afternoon snack.,5,Positive,Positive,Positive,Positive,Positive,,,,Positive,True,False
32029,Good attitude,5,Positive,Positive,Positive,Positive,Positive,,,,Positive,True,False
7895,Great service. Service representatives are nice and helpful. Just don't forget to ask for extra condiments.,4,Positive,Positive,Positive,Positive,Positive,,,,Positive,True,False
20332,Fresh food service great lunch break location.,5,Positive,Positive,Positive,Positive,Positive,,,,Positive,True,False
17620,Old and not open late !,1,Negative,Negative,Neutral,Negative,Negative,,,,Negative,False,False
32695,Always love the food especially the fries and their big mac,5,Positive,Positive,Positive,Positive,Positive,,,,Positive,True,False
24261,"When you go on slow Thursday night, order yourself a nice Double Quater pounder with cheese to go after a long days work. Only to see you get a single quater pounder, No cheese, and i guess they decided to throw in some lettuce on there? No sauce like 5 pickles.... Too tired to go get a refund :c",1,Negative,Negative,Negative,Negative,Negative,,,,Negative,True,False
7866,"Lol I just like the guy who said my hair reminded me of someone in a movie, he was nice.",5,Positive,Positive,Positive,Positive,Positive,,,,Positive,True,False
4592,Good and neat,5,Positive,Positive,Positive,Positive,Positive,,,,Positive,True,False
30673,2 fish sandwiches. Made carefully and brought out to curbside.,5,Positive,Positive,Neutral,Positive,Positive,,,,Positive,False,False
5462,Never again. Yuck. Nasty. Catch my drift?,1,Negative,Negative,Negative,Negative,Negative,,,,Negative,True,False
11090,The place was very slow. Tables not cleaned. Recycled unused ketchup pouches instead of throwing away.,1,Negative,Negative,Negative,Negative,Negative,,,,Negative,True,False
3129,I don't eat McDonald's but my grandson liked this place especially the upstairs dining area. I was a little disappointed with the wait time but most of the employees were kind.,4,Positive,Positive,Negative,Neutral,Neutral,,,,,False,True
31730,Couldn't take an order correctly at all after 3 attempts.,1,Negative,Negative,Negative,Negative,Negative,,,,Negative,True,False
21562,"Nice location, but store wasn't kept very clean.",3,Neutral,Negative,Positive,Negative,Negative,,,,Negative,False,False
32815,Food never fresh employee gets mad when you ask them to remake it overnight crew,2,Negative,Negative,Negative,Negative,Negative,,,,Negative,True,False
12111,Nice place and very modernized with cashier kiosks for ordering and food delivered to tables,5,Positive,Positive,Positive,Positive,Positive,,,,Positive,True,False
22440,"Usual fare,and by the beach.",4,Positive,Positive,Negative,Neutral,Positive,,,,,False,True
10468,This McDonald's is inside Wal-Mart. Quick and friendly customer service for an iced coffee.,5,Positive,Positive,Positive,Positive,Positive,,,,Positive,True,False
22710,Not busy! Good service; fast!,4,Positive,Positive,Positive,Positive,Positive,,,,Positive,True,False
594,waiting time was too long,1,Negative,Negative,Negative,Negative,Negative,,,,Negative,True,False
13217,I WAS JUST CASUALLY EATING MY MCNUGGETS AND I LOOK IN THE CORNER AND THIS GUY IS PLAYING HIS PLAYSTATION ON A MONITOR AND THE BOOTH AND THEN I GET UP TO GO PEE AND I COME BACK AND THE JANITOR THREW AWAY THE REST OF MY MCNUGGETS AND ALL OF MY FRIES SO THEN I ORDERED A DIPPED CONE AND IT TOTALLY MELTED ALL OVER ME INSTANTLY!!!!,1,Negative,Negative,Negative,Negative,Negative,,,,Negative,True,False
18387,Always check your order. Said Sausage Egg McMuffin.... Got sausage muffin no egg.,1,Negative,Negative,Neutral,Negative,Negative,,,,Negative,False,False
6031,No seats in any of the floors. Too many people sleeping over the tables. I just wanted to eat in peace.,2,Negative,Negative,Positive,Negative,Negative,,,,Negative,False,False
19632,My kids love it,5,Positive,Positive,Positive,Positive,Positive,,,,Positive,True,False
7903,This place can never get a drive thru order right. Even told the manager 3 times that I wanted round eggs and not the folded ones. Everytime I do a drive thru ordered it's messed up. Never again will I go there. They suck. Sorry. Corporate is in town and they will hear about this place.,1,Negative,Negative,Negative,Negative,Negative,,,,Negative,True,False
3016,"Not 5 Stars just because of the homeless around that block. But everything inside it's all good. The food always good, the wait time always good. Never had a problem here, the only annoying are the crazy aggresive homeless that sometimes go there. Other homeless are calmed and just ask for food outside.",4,Positive,Positive,Neutral,Positive,Positive,,,,Positive,False,False
2370,Very good customer service,5,Positive,Positive,Positive,Positive,Positive,,,,Positive,True,False
17043,The best,5,Positive,Positive,Positive,Positive,Positive,,,,Positive,True,False
1157,Food cold. No napkins. Employees rude,1,Negative,Negative,Negative,Negative,Negative,,,,Negative,True,False
13690,"This is a big, two floor McDonald's with not only the typical fries and burgers, but also pizza, salads and other foods. They have a kids playground and also an arcade and game area on the second floor.",5,Positive,Positive,Neutral,Positive,Positive,,,,Positive,False,False
16060,Very bad attention slow to serve,1,Negative,Negative,Negative,Negative,Negative,,,,Negative,True,False
12096,It's McDonald's.. same anywhere you go pretty much.,3,Neutral,Neutral,Positive,Neutral,Neutral,,,,Neutral,False,False
32936,"Decent speed, okay food",4,Positive,Neutral,Positive,Neutral,Neutral,,,,Neutral,False,False
11137,Haven,1,Negative,Neutral,Neutral,Neutral,Neutral,,,,Neutral,True,False
8900,"Absolutely horrific. For a McDonalds (which I normally don't mind when the craving hits) this location consistently has extremely long waits and bad food. I will always drive to a location farther away, even for a simple double cheeseburger or spicy chicken.",1,Negative,Negative,Negative,Negative,Negative,,,,Negative,True,False
13375,A typical McD with a good place to sit n relax with awesome food,5,Positive,Positive,Positive,Positive,Positive,,,,Positive,True,False
28672,No cashiers. Incomplete order.,4,Positive,Negative,Neutral,Negative,Negative,,,,Negative,False,False
30826,Big breakfast excellent allways very,4,Positive,Positive,Positive,Positive,Positive,,,,Positive,True,False
19222,This place is absolutely delicious.The fries have a perfect amount of salt.The prices are very fair.Customers and employees very polite and sophisticated.This place should have the Kardashians swarming around.I mean it's boogie people good for cheap.,5,Positive,Positive,Positive,Positive,Positive,,,,Positive,True,False
8414,Friendly people!!,5,Positive,Positive,Positive,Positive,Positive,,,,Positive,True,False
2692,Service sucks,1,Negative,Negative,Negative,Negative,Negative,,,,Negative,True,False
12598,"Daughter wanted the Travis Scott burger. She says it's a hit or miss with her friends. I ordered the newly freeze drink which gave me an adult ""brain freeze"" and it wasn't as sweet like the Icee back in the day. I wouldn't order it again.",4,Positive,Neutral,Negative,Negative,Negative,,,,Negative,False,False
10848,"This is the worst MacDonald's I ever visited. I waited 30 mins for my order. While waiting I observed many other customers waiting and getting their orders wrong. The staff that was giving out the orders, had difficulty sat the numbers in English. I understand we are in Miami, but come on now. The worst..",1,Negative,Negative,Negative,Negative,Negative,,,,Negative,True,False
3474,Dirty and bad food,2,Negative,Negative,Negative,Negative,Negative,,,,Negative,True,False
9245,"Bread used for burger was very bad, it was completely different than what we usually get in other McDonald",1,Negative,Negative,Negative,Negative,Negative,,,,Negative,True,False
23788,"We went post hurricane. They would not take debit cards, and only had limited menu items. Such a mess here in FL.",5,Positive,Negative,Neutral,Negative,Negative,,,,Negative,False,False
14514,Just fast and friendly,4,Positive,Positive,Positive,Positive,Positive,,,,Positive,True,False
6029,I love the burger that freshly made. I like the place. Nice facilities and clean. Fast services. Friendly staff. Good job.,5,Positive,Positive,Positive,Positive,Positive,,,,Positive,True,False
24354,they rarely get my order right. I know my order is taken correctly because the woman who does drive thru. she has a long braid and she is amazing.,3,Neutral,Negative,Positive,Neutral,Neutral,,,,,False,True
16991,Norm Gentle. Only as they see EBT begin to be baptized. There is a convenient podzhopnik in front of the cash register. Recommend to lean,5,Positive,Neutral,Positive,Neutral,Neutral,,,,Neutral,False,False
13443,"A lot of fake non homeless beggars around , same dog with a different person begging with him every day",3,Neutral,Negative,Negative,Negative,Negative,,,,Negative,True,False
32981,Die of starvation in the drive thru,1,Negative,Negative,Neutral,Negative,Negative,,,,Negative,False,False
16814,Dirty bad customer service,1,Negative,Negative,Negative,Negative,Negative,,,,Negative,True,False
13601,"Had to check out worlds largest McDonalds. 2 pizza s took 40 minutes to come out. Customer service was nice, didn",4,Positive,Negative,Positive,Neutral,Neutral,,,,,False,True
16787,Quick with great deals,5,Positive,Positive,Positive,Positive,Positive,,,,Positive,True,False
6243,It looks crazy outside because of the people but very clean and put together inside. Security is on point! Felt very safe waiting for my food,5,Positive,Positive,Negative,Positive,Positive,,,,Positive,False,False
14402,the burger i got was cold but the chicken nuggets were scalding,4,Positive,Negative,Negative,Negative,Negative,,,,Negative,True,False
6067,Always super pack! Not worth the wait if you do come here. They also had my breakfast mc muffin burnt! I don't know what else I can say...,2,Negative,Negative,Negative,Negative,Negative,,,,Negative,True,False
11620,Nuggets are good the fr,3,Neutral,Positive,Positive,Positive,Positive,,,,Positive,True,False
12295,Not good,2,Negative,Negative,Negative,Negative,Negative,,,,Negative,True,False
21510,"Very Poor service,they serve our food very incomplete ( no butter,no pancake syrup,no hashbrown,no caramel frappe,no fork,also they lost our receipt",1,Negative,Negative,Negative,Negative,Negative,,,,Negative,True,False
4157,You guys shouldn t have signs saying your open 24hrs if your not open 24hrs,1,Negative,Negative,Neutral,Negative,Negative,,,,Negative,False,False
418,Great food it was amazing,5,Positive,Positive,Positive,Positive,Positive,,,,Positive,True,False
8872,"I was thinking oh just micky d's sound ok maybe ill get a mocha frapee, went inside instead of drivethrew... Anyway was blown away to see everyone ordering themselves from a touch screen.... They had four stations and were very easy to use was also very satisfied with this particular locations quality",4,Positive,Positive,Positive,Positive,Positive,,,,Positive,True,False
17359,Closes at 10:45p on saturday not midnight. Generally incompetent staff and very slow. Rarely is food cooked right either undercooked or overcooked. They always get the items right. A few times there were friendly staff. I wouldn't go there if you can avoid it.,1,Negative,Negative,Negative,Negative,Negative,,,,Negative,True,False
18364,We know that the order is good quality and we can count on getting exactly what we order. Thanks,5,Positive,Positive,Positive,Positive,Positive,,,,Positive,True,False
5819,"To be honest I m not a fans of fast food , I really eating when I m running out of choice, but I really appreciated than in Mc Donald s you have the opportunity to use the bathroom which is very convenient for people like me who spend a lot time on the road , I also believe when I go to a place I have to leave it better than I founded, with that been said I when to this location last night 04-04 -19 at 10:00 pm to use the bathroom , the bathroom is located in the second floor ,some part of the room",1,Negative,Positive,Positive,Neutral,Positive,,,,Positive,False,False
13744,So i don t usually give fast food more than 3 stars but this place was comically huge. Giant arcade and large play area. There is even attempt to make like omelette and stuff. I even saw brick stoves like you would see pizza cooked in. Did I mention a fish tank? It did take a while to get our food and it was typical McDonald,4,Positive,Positive,Neutral,Positive,Positive,,,,Positive,False,False
24595,No inside seating. Rude employees that barely noticed I was there. No napkins in my bag and no one asked or seemed to care if I needed any. I had to remind them my meal came with a drink.,1,Negative,Negative,Negative,Negative,Negative,,,,Negative,True,False
25600,Kids love McDonald's but when people making drug deals in the parking lot there is an issue.,1,Negative,Negative,Positive,Negative,Negative,,,,Negative,False,False
6239,"It was dirty, homeless people hanging out inside asking for money,I offered a person $5 to buy a meal and was insulted,I guess money was for Drugs or beer",2,Negative,Negative,Negative,Negative,Negative,,,,Negative,True,False
14876,There place look dirty and when I ask for ketchup all the packages were smear with something sticky that look like honey barbecue.,1,Negative,Negative,Negative,Negative,Negative,,,,Negative,True,False
9587,Says it was open 24 hours but was closed early,1,Negative,Negative,Negative,Negative,Negative,,,,Negative,True,False
24840,Fries were cold and burger seemed very old. And we ordered at 1am you think the food would of been fresh,1,Negative,Negative,Neutral,Negative,Negative,,,,Negative,False,False
21495,These fast-food always busy a lot's of tourists goes in here,3,Neutral,Neutral,Neutral,Neutral,Neutral,,,,Neutral,True,False
15370,"After decades of serving families, McDonald's is on their way out. I blame it on the district managers not doing their jobs. McDonald's needs individuals who can read, comprehend and speak English. Today I went there for lunch. I ordered #6 Filet-o-Fish sandwich meal. I ended up with 10 peice chicken nuggets. Hmmmm....I guess the order taker did not know the menu item or understand when I said Filet-o-Fish sandwich. I quickly caught the error and told the cashier. She said, ""So you don't want it?"" Then, the manager came along to find out what the problem was. I explained and received the sandwich. I left and when I got home, I found out I had a frosted breakfast pastry in a ,Filet-o-Fish box! Come on now McD's. May we get better service and expect a lot more from you? If not, please close your doors to save the public from the irritation.",1,Negative,Negative,Negative,Negative,Negative,,,,Negative,True,False
18427,Order taker was the most rude I have ever encountered anywhere.,2,Negative,Negative,Negative,Negative,Negative,,,,Negative,True,False
17521,Thy have the best French fries,5,Positive,Positive,Positive,Positive,Positive,,,,Positive,True,False
11493,Great food and they have security who good at his job,5,Positive,Positive,Positive,Positive,Positive,,,,Positive,True,False
26191,The service was fast and they were kind I will give them 5 stars,5,Positive,Positive,Positive,Positive,Positive,,,,Positive,True,False
17675,Good location,5,Positive,Positive,Positive,Positive,Positive,,,,Positive,True,False
24386,They have a arcade and place to play for kids of all ages staff swerves you and very helpful definitely my go to place when In Florida,5,Positive,Positive,Neutral,Positive,Positive,,,,Positive,False,False
15788,Seems like everything about our order was wrong. Ugh,1,Negative,Negative,Negative,Negative,Negative,,,,Negative,True,False
22465,A big shout out for their wifi! Fast and consistent. Able to get some work done while having a good coffee and a biscuit breakfast sandwich.,4,Positive,Positive,Positive,Positive,Positive,,,,Positive,True,False
17455,typically get your order wrong. Check your purchase before you drive away.,2,Negative,Negative,Negative,Negative,Negative,,,,Negative,True,False
1986,"Went to the location on 73rd and Kissena Blvd. last night for the first time since the renovation. It was a very nice experience. The renovations was nice but most of all, the staff was so very pleasant and could not have been more helpful. Such lovely people. Thank you.",5,Positive,Positive,Positive,Positive,Positive,,,,Positive,True,False
11301,This place is awesome it lets us Uber drivers use the restroom and we can take a break inside any time. Got some cheeseburgers earlier today and a large diet Coke everything for under 4 bucks. The manager there just needs to smile a little more!,5,Positive,Positive,Positive,Positive,Positive,,,,Positive,True,False
32795,Quick and easy and they got the order right,5,Positive,Positive,Positive,Positive,Positive,,,,Positive,True,False
11081,Loved McDonald's!only time I get to have it is when I adventure over to Lincoln Avenue and head towards south beach Come on Miami beach build one near publix or Walgreens on 71st street,5,Positive,Positive,Positive,Positive,Positive,,,,Positive,True,False
19433,Staff is very unprofessional and really don't pay attention to customers orders.,1,Negative,Negative,Negative,Negative,Negative,,,,Negative,True,False
14292,The food was hot and really good. The service was fine as well,4,Positive,Positive,Positive,Positive,Positive,,,,Positive,True,False
20403,Shoutout to this McDonald s for being the only place to acce,5,Positive,Positive,Neutral,Positive,Positive,,,,Positive,False,False
22424,"Fast service, hot food, ample seating area. Only drawback in no bathroom.",5,Positive,Positive,Positive,Positive,Positive,,,,Positive,True,False
6787,Fast courteous service Great food,5,Positive,Positive,Positive,Positive,Positive,,,,Positive,True,False
12026,Thier new drive thru is much faster than the old one,5,Positive,Positive,Neutral,Positive,Positive,,,,Positive,False,False
8020,"This McDonald's is ok, but back when all the McD was charging $2.50 for a large drink they was only charging a $1 here",4,Positive,Positive,Positive,Positive,Positive,,,,Positive,True,False
7528,Fry's!,5,Positive,Positive,Neutral,Positive,Positive,,,,Positive,False,False
1230,Love their food,5,Positive,Positive,Positive,Positive,Positive,,,,Positive,True,False
32939,The food wasn't fresh.,2,Negative,Negative,Positive,Negative,Negative,,,,Negative,False,False
9824,Very modern! And the service is great,5,Positive,Positive,Positive,Positive,Positive,,,,Positive,True,False
12773,Good food fast and fresh and friendly attitude,3,Neutral,Positive,Positive,Positive,Positive,,,,Positive,True,False
7878,"How this company hired a manager who doesn t speak English . Food was cold and nuggets were stale cold fries,",1,Negative,Negative,Negative,Negative,Negative,,,,Negative,True,False
11536,"McRon's is always consistent. If you like it, then you like it.",5,Positive,Positive,Positive,Neutral,Positive,,,,Positive,False,False
15682,"This place let's my daughter eat whatever she wants after practice, they have good service",3,Neutral,Positive,Positive,Positive,Positive,,,,Positive,True,False
14280,Long drive through line. Asked for no onions. still got onions.,3,Neutral,Negative,Neutral,Negative,Negative,,,,Negative,False,False
10237,"Worst service ever. Took 35 minutes to get through the drive through and both window 1 guy & window 2 girl gave me attitude. Window 1 couldn't get my order right and their drive through screen didn't display my simple order. And then Window 2 lady gave me the wrong sauce EVEN AFTER CONFIRMING WHAT I ASKED FOR WITH HER! Fire all of them, shut down this location, and board up the building. Do it now.",1,Negative,Negative,Negative,Negative,Negative,,,,Negative,True,False
9663,Best take away,4,Positive,Positive,Positive,Positive,Positive,,,,Positive,True,False
25497,"Staff was great, but cook are trash... How can you screw up a simple burger? when you don't care that's how...",1,Negative,Negative,Positive,Negative,Negative,,,,Negative,False,False
22589,This is the best Mac I have ever visited in terms of their cooking. It's really tasty.,5,Positive,Positive,Positive,Positive,Positive,,,,Positive,True,False
12342,mehh,4,Positive,Neutral,Neutral,Neutral,Neutral,,,,Neutral,True,False
21810,Convenience close to Mandalay bay convention,4,Positive,Positive,Neutral,Neutral,Neutral,,,,Neutral,False,False
16618,Not good for health as we all know but a little good food,2,Negative,Neutral,Negative,Neutral,Neutral,,,,Neutral,False,False
30929,My children love Mickie D's. Especially if it's clean with great personnel.,5,Positive,Positive,Positive,Positive,Positive,,,,Positive,True,False
10927,One of the best coffees in Miami,5,Positive,Positive,Positive,Positive,Positive,,,,Positive,True,False
15664,Came through drive thru at 11:30pm got no response. Website and stickers on building stated that they were open 24 hours,1,Negative,Negative,Neutral,Negative,Negative,,,,Negative,False,False
28670,Great customet service and extremely polite and friendly.,5,Positive,Positive,Positive,Positive,Positive,,,,Positive,True,False
23949,Not as great as wendys but i do love their fries.,4,Positive,Positive,Positive,Neutral,Positive,,,,Positive,False,False
6430,"The new layout/technology is a disaster! Rough crowd, most just hanging around and not eating. Left with my meal due to the number of times I was solicited for cash and food. Wouldn't hurry back.",1,Negative,Negative,Negative,Negative,Negative,,,,Negative,True,False
22653,You can never go wrong with a burger and fries,4,Positive,Positive,Negative,Positive,Positive,,,,Positive,False,False
11605,Service and food quality are inconsistent,2,Negative,Negative,Neutral,Negative,Negative,,,,Negative,False,False
6250,"Bathroom door lock is broken. Went from 3 to 5 stars since it's the best looking macdo I found in NYC. I ended up coming multiple times there. America should reconsider what the standard is, European Mc Do are way cleaner, service is faster.",5,Positive,Neutral,Positive,Positive,Positive,,,,Positive,False,False
22585,Some of the only moderately priced food around. 2 for $5 pick right now. Right across from beach.,4,Positive,Positive,Neutral,Positive,Positive,,,,Positive,False,False
6260,"Extremely busy when we visited at lunchtime, with queues at most of the automated order points, and hardly anywhere to sit once we had received our food - which was good - from the rather harassed looking staff. Despite there being a clearly signposted No Loitering policy with a maximum 30 minutes to eat your meal, this did not seem to apply to the rather insalubrious clientele who were occupying most of the seats in the back part of the place. I hesitate to use the word ""restaurant"" to describe this outlet. As it is almost opposite the Tick Tock Diner, which was really busy at breakfast time, we had planned to try this McDonald's for breakfast, but after today's experience, we'll give it a skip.",2,Negative,Negative,Negative,Negative,Negative,,,,Negative,True,False
10869,"They were really short on staff, the orders took an eternity. This mcdonalds really needs a permanent security guard, the amount of people coming by on drugs making noise and disturbing are way to high. For the first time in my life i was afraid inside a mcdonalds. Not returning for sure.",1,Negative,Negative,Negative,Negative,Negative,,,,Negative,True,False
903,Evening shift gave us warm fresh food.Surroundings/parking lot was Very clean. To top it off we got a super great Window person.,5,Positive,Positive,Positive,Positive,Positive,,,,Positive,True,False
26126,Fast place for eating,4,Positive,Positive,Positive,Positive,Positive,,,,Positive,True,False
14802,"They can handle a custom order, but the wait time is usally longer than it should be at this location.",4,Positive,Negative,Neutral,Negative,Negative,,,,Negative,False,False
11471,If you want to ruin your Saturday night try their drive tru,1,Negative,Negative,Neutral,Negative,Negative,,,,Negative,False,False
9197,Bathrooms are dirty and messy front lobby look good tables were wiped down and cleaned good hot piping food,2,Negative,Neutral,Negative,Neutral,Neutral,,,,Neutral,False,False
10064,"What happened McD? Open up!!! June 19, 2021.",2,Negative,Neutral,Neutral,Negative,Neutral,,,,Neutral,False,False
21425,Just left McDonald after a wait of 20 minutes and left with nothing. We made order milk shake and icecream and when we reached the window. She said the machine is down and I forgot to tel you because I was busy.,1,Negative,Negative,Negative,Negative,Negative,,,,Negative,True,False
542,American icon,5,Positive,Positive,Neutral,Positive,Positive,,,,Positive,False,False
14708,"Fast service , some time hot food",5,Positive,Positive,Positive,Neutral,Positive,,,,Positive,False,False
11449,I don't think they cooked my quarter pounder while I waited. I watched them pull the meat out of a warming oven. Not what they advertised.,3,Neutral,Negative,Negative,Negative,Negative,,,,Negative,True,False
13119,No drive thru; there is a parking lot area; very busy and chaotic; service was reasonable.,2,Negative,Neutral,Positive,Neutral,Neutral,,,,Neutral,False,False
22736,24 hour ser I e. Fast eSy to get to.,3,Neutral,Positive,Positive,Positive,Positive,,,,Positive,True,False
14366,Good location,4,Positive,Positive,Positive,Positive,Positive,,,,Positive,True,False
13285,Very nice McDonald,5,Positive,Positive,Positive,Positive,Positive,,,,Positive,True,False
16015,Taste good,5,Positive,Positive,Positive,Positive,Positive,,,,Positive,True,False
3476,nice and clean,5,Positive,Positive,Positive,Positive,Positive,,,,Positive,True,False
7025,"Good, fast, food. They are open 24 hours a day which is great if you are working a night shift, graveyard shift or have to go in early in the morning. Their new menu is actually quite good! I do wish the McRib was back in season but, oh well, you can't have it all! Try the Minutemaid Slushies! They are outstanding!",4,Positive,Positive,Positive,Positive,Positive,,,,Positive,True,False
23764,Always Great Service and Employees here. Plus food. Always good hot and fresh!!!,5,Positive,Positive,Positive,Positive,Positive,,,,Positive,True,False
8054,Friendly crew. Clean restaurant. The food was hot and delicious! A++!!,5,Positive,Positive,Positive,Positive,Positive,,,,Positive,True,False
14952,"Very friendly service, place is decently kept.",4,Positive,Positive,Positive,Positive,Positive,,,,Positive,True,False
13949,"The worlds largest McDonald's is amazing, a two story playland plus arcade games and an updated menu where you can choose waffles, build your own omelette, pasta and pizza plus delicious desserts. It's a great place to bing the kids on a relaxing day on Orlando; don't take my word, come see for yourself!!!",5,Positive,Positive,Positive,Positive,Positive,,,,Positive,True,False
22616,It's McDonald's nothing fancy just a good place for a quick bite,3,Neutral,Positive,Positive,Positive,Positive,,,,Positive,True,False
28616,Love that you can pay in an automatic machine. We need that here like ya!,5,Positive,Positive,Positive,Positive,Positive,,,,Positive,True,False
17365,Very clean ..,4,Positive,Positive,Positive,Positive,Positive,,,,Positive,True,False
2364,Perfect thanks,5,Positive,Positive,Positive,Positive,Positive,,,,Positive,True,False
2300,The food was not that great the chicken sandwich was very dry.we order 4 meals of the same and it all was terrible.,1,Negative,Negative,Negative,Negative,Negative,,,,Negative,True,False
1272,The not the way should be,1,Negative,Negative,Neutral,Negative,Negative,,,,Negative,False,False
10966,"The food is good and their service is great. They only have one cash register in the morning, hate me more than one cash register open in the morning because of the traffic .",4,Positive,Positive,Positive,Positive,Positive,,,,Positive,True,False
26012,"I have had two bad experiences with this particular location , cashiers at drive thru dnt greet customers , and we waited for like five minutes for someone to come back to take our order , we were told it wasn't any ice cream , but when we came inside there was a customer leaving with ice cream . That's when one of the employees said quote on quote why yall played like that . Both incidents ms Taylor whose suppose to be manager could not control her staff , neither could she tell me who was in the drive thru taking my order. She has no control over that staff !! And clearly does not know how to run her shift!!! Horrible horrible experience when ppl are spending money at this location You guys really need better staff and managers who can run their shifts and not let the employees run over them because clearly that's what's going on at this location I have reached out to cooperate once and until this is solved I'll keep reaching out !!!!",1,Negative,Negative,Negative,Negative,Negative,,,,Negative,True,False
7059,"Place is usually not busy but service can be slow, they seem to be understaffed. Staff The place has really odd seating layout inside but they have seating outside in the shade. Drive through is usually empty also. They have assigned mobile order parking.",3,Neutral,Negative,Negative,Negative,Negative,,,,Negative,True,False
10170,I'm a McDonalds fan boy and this McDonalds is my least favorite in Los Angeles if not the entire United States. It used to be average/ middle of the road as far as MCD goes but recently it's tanked and I wouldn't suggest going here anymore. I'd rather eat at the McDonalds in the airport.,1,Negative,Negative,Neutral,Negative,Negative,,,,Negative,False,False
22832,"I had small issues with drive thru but after we figured some of it out together, with another employee helping. Took a bit.. after the fries were cold ect... Thought they would of remade them for us.. but it was not the worse it could of been... I should of ask them to do that.. asked for more help and would of went better probably.",3,Neutral,Neutral,Neutral,Neutral,Neutral,,,,Neutral,True,False
31,(Sarcasm) this was exactly what I ordered! A 20 minute wait in the drive through for a room temperature caramel mocha that was less than 2/3 full!,1,Negative,Negative,Negative,Negative,Negative,,,,Negative,True,False
1233,Good Service and Good Food,4,Positive,Positive,Positive,Positive,Positive,,,,Positive,True,False
10352,"Just recently McDonald's have made a major improvement with an upgrade, interior and exterior. Service is very fast, the food is excellent, friendly and Professional Service.",5,Positive,Positive,Positive,Positive,Positive,,,,Positive,True,False
5365,Always a great place to stop and use the restroom and grab a value fry,5,Positive,Positive,Positive,Positive,Positive,,,,Positive,True,False
477,Fast.,5,Positive,Positive,Positive,Positive,Positive,,,,Positive,True,False
23521,Very nice location. The staff was top notch. They got everything right!,5,Positive,Positive,Positive,Positive,Positive,,,,Positive,True,False
24163,We visited this while on a vacation to Orlando with our team. What an experience. There's a lot of different food options including PIZZA! The place is amazing. If you are ever in or near the Orlando area it is absolutely worth the time to stop in and see this place. Unbelievable.,5,Positive,Positive,Positive,Positive,Positive,,,,Positive,True,False
536,HORRIBLE,1,Negative,Negative,Negative,Negative,Negative,,,,Negative,True,False
5261,"Got two Filet-O-Fish sandwiches. Both were good as expected. I ordered through the McDonald's app and opted to pickup my sandwiches at the drive thru. I told the employee at the speaker that I had an app order to pickup and gave her the code. She instructed me to go to the first window. There I was given the receipt, thanked, and told to go to the next window. At the 2nd window I was told to go to a 3rd window to pickup the order. The 3rd window is kind of funny, since it seems like an afterthought. Since it is at the corner of the building close to a sign, it is difficult to get close enough to be handed the order without scraping the side of your car. Then to leave you have to turn your wheels hard right. The employees were very friendly.",4,Positive,Positive,Neutral,Positive,Positive,,,,Positive,False,False
9278,F***ers put a boot on my car even though I bought some food bring someone with you and have them wait with car and keys,1,Negative,Negative,Neutral,Negative,Negative,,,,Negative,False,False
12337,Great orange juice,5,Positive,Positive,Positive,Positive,Positive,,,,Positive,True,False
24186,Cool place to visit. Workers were very rude and got multiple orders wrong while we were there.,4,Positive,Negative,Negative,Negative,Negative,,,,Negative,True,False
21311,"Food , service and price was great, gave 4 stars because you have to go to the register and get a pin code to get in the restroom,. I didn't have time to wait in line to get the code. Other then that everyone was very mice and great service",4,Positive,Positive,Positive,Positive,Positive,,,,Positive,True,False
12197,"Fast service, good food, great workers",3,Neutral,Positive,Positive,Positive,Positive,,,,Positive,True,False
12442,as expected,3,Neutral,Neutral,Neutral,Neutral,Neutral,,,,Neutral,True,False
9022,The Big-Mac is better than ever. And the Junior Mac is great. You gotta love it. Food is consistent at the 90th South location.,5,Positive,Positive,Positive,Positive,Positive,,,,Positive,True,False
20418,I walk in and waiting on the line for my turn to order. I ask the cashier I want strawberry milk shake. SHE SAYING THA MACHINES BROOK DOWN. McDonald's plz help.bad customer service.,1,Negative,Negative,Negative,Negative,Negative,,,,Negative,True,False
21374,This McD's location has NO sit down dinning available. I requested extra pickles and still got only 1 pickle per cheese burger. Lame.,2,Negative,Negative,Neutral,Negative,Negative,,,,Negative,False,False
6725,It's decent and proud if how they handled the pandemic.,5,Positive,Positive,Positive,Positive,Positive,,,,Positive,True,False
6817,This is not good there price is different from all the other McDonald's very expensive,2,Negative,Negative,Negative,Negative,Negative,,,,Negative,True,False
3316,Very clean and fast service,5,Positive,Positive,Positive,Positive,Positive,,,,Positive,True,False
7465,Delicious mmmmy favorite,5,Positive,Positive,Positive,Positive,Positive,,,,Positive,True,False
9367,"Poorly trained staff, horrible security at the front door, by far the most ghetto McDonald",1,Negative,Negative,Negative,Negative,Negative,,,,Negative,True,False
8031,"Unprofessional all employees had headphones ,incomplete uniform, no name tags ,too much time waiting just to get an Uber ....",1,Negative,Negative,Negative,Negative,Negative,,,,Negative,True,False
979,"Went late night, about 7 cars ahead of me but it went quickly. Thank goodness that something was still open",5,Positive,Positive,Neutral,Positive,Positive,,,,Positive,False,False
13598,"Not entirely sure what I expected when going to the worlds largest McDonalds - I mean it s just a fast food place right? Wrong. The place is huge - brick ovens for thin and crispy pizzas, hand crafted pasta and speciality meal stations, the everyday McDonald s kitchen then followed by a staircase to an arcade, playhouse and more sit down area. The pizza was only $10 after toppings. It was a small personal pie - thin and crispy b",4,Positive,Positive,Neutral,Positive,Positive,,,,Positive,False,False
25482,If you like a lively staff who can make you smile and have a good laugh this is the McDonald for you. They were very pleasant and funny.,5,Positive,Positive,Positive,Positive,Positive,,,,Positive,True,False
12480,The first after the lines. He is fine.,4,Positive,Neutral,Positive,Neutral,Neutral,,,,Neutral,False,False
2589,Awesome stuff and food,5,Positive,Positive,Positive,Positive,Positive,,,,Positive,True,False
2665,Service is slow,3,Neutral,Negative,Negative,Negative,Negative,,,,Negative,True,False
7454,"It's McDonald's, a classic, what's not to love!",5,Positive,Positive,Positive,Positive,Positive,,,,Positive,True,False
9365,Washington DC downtown five blocks from the White House so do the math I had the munchies I needed to eat McDonald's is the place,4,Positive,Positive,Neutral,Neutral,Neutral,,,,Neutral,False,False
5873,"I don't expect much when I visit a McDonald's, but this location certainly is one of the worst I've visited in the city. The employees are incredibly rude, the failed to get either of my orders correct, and there seems to be a consistent encampment of homeless near the entrance that the staff don't seem to care about.",1,Negative,Negative,Negative,Negative,Negative,,,,Negative,True,False
16818,McDonald's is McDonald's. This is no different.,5,Positive,Neutral,Neutral,Neutral,Neutral,,,,Neutral,True,False
22216,So many tourists and residents! This place has awesome employees! We used app and we didn't wait too long. Clean!,5,Positive,Positive,Positive,Positive,Positive,,,,Positive,True,False
953,It's an MCD they are all kinda the same,4,Positive,Neutral,Neutral,Neutral,Neutral,,,,Neutral,True,False
30887,Seriously the slowest mcd I've ever been to.,2,Negative,Negative,Negative,Negative,Negative,,,,Negative,True,False
5487,Ok food.,3,Neutral,Neutral,Neutral,Neutral,Neutral,,,,Neutral,True,False
14852,Very unprofessional never get your order right and always have an attitude,1,Negative,Negative,Negative,Negative,Negative,,,,Negative,True,False
12541,"Worse customer service for dinning area, they ignore you and take 5x as long as the drive thru even if yiu order on the app.....Avoid pick up or dine in......",1,Negative,Negative,Negative,Negative,Negative,,,,Negative,True,False
28614,My food was hot and fresh and the restaurant was clean.,5,Positive,Positive,Positive,Positive,Positive,,,,Positive,True,False
10972,Good staff and food,5,Positive,Positive,Positive,Positive,Positive,,,,Positive,True,False
25842,For workers like her big companies' name are ashamed. What a horrific experience I just had; this lady you see in the picture for telling her she was giving me a wrong item and not the one I paid for she started a big drama and spilt my son's smoothie and started singing a vulgar song/lyrics as per offending me through that and not directly addressed to me. All that in front of the manager .. Besides that waiting time was ridiculous long with a lot of customers not satisfied and even a uber eats guy had to cancel in front of me because they didn't make his order in more than 20 min that I was there ... Another lady in the back was not using the yellow paper that sandwiches have she was placing the buns/bread directly on the table as she was preparing food for dogs. She saw me and start acting like nothing happened.. This place is a completely mess JUST STAY AWAY,1,Negative,Negative,Negative,Negative,Negative,,,,Negative,True,False
12543,"I asked for my order to be prepared fresh & hot and it was the opposite the fries were hard and cold. McDonald's shouldn't serve fries unless there fresh & hot. Why do we have to request our food to be fresh, it should just be fresh off the press. These fast food places kills me and there getting worse. Their customer service skills are poor, they have language barriers. I need to protest against these fast food joints.",1,Negative,Negative,Neutral,Negative,Negative,,,,Negative,False,False
6011,"Says it s 24hrs, but showed up at 5:50am and they were",1,Negative,Negative,Neutral,Negative,Negative,,,,Negative,False,False
7955,Excellent service.,5,Positive,Positive,Positive,Positive,Positive,,,,Positive,True,False
14330,Dine in is still closed. Drive thru line is always long.,1,Negative,Negative,Negative,Negative,Negative,,,,Negative,True,False
10445,THE PLACE IS SO SO AND THEY TRY HARD TO SERVE THE PEOPLE,3,Neutral,Neutral,Negative,Neutral,Neutral,,,,Neutral,False,False
9049,These guys were on fleek!!,5,Positive,Positive,Neutral,Positive,Positive,,,,Positive,False,False
11195,It was cool for a quick bite to eat,2,Negative,Positive,Positive,Positive,Positive,,,,Positive,True,False
32234,Very bad service I asked for a medium hot chocolate without cream they gave me a quarter glass of chocolate and I told them and they filled it with water it no longer tasted like chocolate and the lady got upset why did I tell her that the glass was not even half full,1,Negative,Negative,Negative,Negative,Negative,,,,Negative,True,False
23701,I ve had good and bad experiences here! Haven t had ti,2,Negative,Neutral,Negative,Neutral,Neutral,,,,Neutral,False,False
15368,"UPDATE 2021: This is a solid restaurant. My food has always been made to McDonald's standards. They have very busy times, which is in part due to their location on the highway in a restaurant area, but also because they are a solid restaurant. Their curbside service gives you an estimate of your wait, which is appreciated, and your food will be delivered by a friendly employee (an improvement from my previous experience). My only complaint is that it's obvious they make your curbside drink far earlier than your delivery, because they come to you partially melted (see the slush below). 2019: They identified my",4,Positive,Positive,Negative,Positive,Positive,,,,Positive,False,False
11375,Waiting time is way to long!!! Had to wait for about 30 minutes for my food. Thats not what i expect from this fast food chain!!,2,Negative,Negative,Negative,Negative,Negative,,,,Negative,True,False
4513,Even had built in wireless charging.,4,Positive,Positive,Neutral,Positive,Positive,,,,Positive,False,False
10345,Pros are Never had to wait to long for my order. Cons are the same for just about any place near or in downtown. There are alot of homeless around.,3,Neutral,Neutral,Neutral,Neutral,Neutral,,,,Neutral,True,False
11478,"worse, dirty",1,Negative,Negative,Negative,Negative,Negative,,,,Negative,True,False
21579,Coffee tasted horrible!!! Bad customer service.,1,Negative,Negative,Negative,Negative,Negative,,,,Negative,True,False
21827,Love McDonalds,3,Neutral,Positive,Positive,Positive,Positive,,,,Positive,True,False
13856,"-Pizza is from a Fire oven - turned out good! -Philly Cheesesteak was also very good -AC upstairs was struggling, was pretty hot when we went -Kids sweatted up a storm from playing at the play place which was also warm -We did not have any issues finding",4,Positive,Negative,Positive,Positive,Positive,,,,Positive,False,False
14983,Customers service sucks not enough salad,1,Negative,Negative,Negative,Negative,Negative,,,,Negative,True,False
5362,They seriously have the best nuggets and great choices of Dipping sauce.,5,Positive,Positive,Positive,Positive,Positive,,,,Positive,True,False
22334,Just grab some ice coffee and a sausage mcmuffin to go. No drive thru but they do have kiosks to order from. We wanted to try the ube and hapiua pie but they were eternally sold out thr week we were there :(,3,Neutral,Neutral,Negative,Neutral,Neutral,,,,Neutral,False,False
33191,Gangsta,5,Positive,Neutral,Neutral,Positive,Neutral,,,,Neutral,False,False
11569,Fast pace and hard working McDonald's,5,Positive,Positive,Neutral,Positive,Positive,,,,Positive,False,False
13379,"Worst McDonald's in santa Monica , every time I order they always get my order wrong and the miss count my exact change just a bunch of special ed kids in there running the place",1,Negative,Negative,Negative,Negative,Negative,,,,Negative,True,False
24979,Fast. Hot fast food. Best sweet tea in town. The rest of the food is just-well-McDonalds.,5,Positive,Positive,Positive,Positive,Positive,,,,Positive,True,False
24467,Severely understaffed for such a busy location. I've seen McDonald's with more workers in locations in the middle of nowhere. Expect to wait at least an hour for food and make sure to check your order before leaving as I and at least half of the patrons I saw leaving came back missing something.,1,Negative,Negative,Neutral,Negative,Negative,,,,Negative,False,False
23214,"Waste of time. Run. Do not go there. You have been warned. They will waste your time, and mess your order up, three times in a row.... Amazing. Zero Stars is my answer but I had to at least click on one to get pass this part.",1,Negative,Negative,Neutral,Negative,Negative,,,,Negative,False,False
22855,this mcdonald's is not open 24 hours despite all signage and hours posted. an employee rudely shooed me away when i showed up at 1:30 AM.,1,Negative,Negative,Negative,Negative,Negative,,,,Negative,True,False
4529,It has 24 hour Breakfast.,3,Neutral,Positive,Neutral,Positive,Positive,,,,Positive,False,False
19272,Really bad service.... Food was cold... And large fries wasn't even full.... Probably size of a medium... Have to do better,2,Negative,Negative,Negative,Negative,Negative,,,,Negative,True,False
24287,"Dinning room was closed at 11 PM. Hours on the door say 5 AM to 3 AM. There were many employees inside, but they only served drive-thru and refused to open dinning room.",1,Negative,Negative,Negative,Negative,Negative,,,,Negative,True,False
32822,I love vanilla ice cream cone,5,Positive,Positive,Positive,Positive,Positive,,,,Positive,True,False
11497,They always get my order wrong and it's really dirty in there and it takes forever to get your order,1,Negative,Negative,Negative,Negative,Negative,,,,Negative,True,False
1197,Love the caramel frappes,5,Positive,Positive,Positive,Positive,Positive,,,,Positive,True,False
11191,"Shocking service, staff didn't have a clue. Food was grim and the toilets were horrendous!",1,Negative,Negative,Negative,Negative,Negative,,,,Negative,True,False
22385,"Even though its very busy at times, you won't wait too long for your order.",5,Positive,Positive,Negative,Positive,Positive,,,,Positive,False,False
19363,"I just came and half of the Crew was hanging out side the counter, they talk too loud and speak in a very bad way ( n words and Bi.!.!:!) words is a shame the place is pretty but a has a poor crew.",2,Negative,Negative,Negative,Negative,Negative,,,,Negative,True,False
1010,One of the good quality McDonald's. I stop by almost every times I go snowboarding in PA.,5,Positive,Positive,Positive,Positive,Positive,,,,Positive,True,False
2454,"Inside beautiful, anything is new design",4,Positive,Positive,Positive,Positive,Positive,,,,Positive,True,False
30865,"Nice and clean, friendly, food somewhat hot. Dont like self order kiosk.",4,Positive,Positive,Positive,Neutral,Positive,,,,Positive,False,False
887,"If they took the grease off the burger it would be the 1/8pounder, but the grease soften the rock hard bun (must have been left over from 2016) and don't even get me started on the fries. If I wouldn't be arrested for assault I would have thrown it at them. Good thing I had the granddaughter with me",1,Negative,Negative,Negative,Negative,Negative,,,,Negative,True,False
29320,It was excellent,4,Positive,Positive,Positive,Positive,Positive,,,,Positive,True,False
14881,Waited VERY lon on a Drive through order and the foid was burnt. I Was hungry and in a hurry,1,Negative,Negative,Negative,Negative,Negative,,,,Negative,True,False
7226,This McDonald's is pretty fast. Food the same as all the rest.,5,Positive,Positive,Positive,Positive,Positive,,,,Positive,True,False
22460,Better than the other one close to here at least they stay open until they say they are.,3,Neutral,Positive,Neutral,Positive,Positive,,,,Positive,False,False
33056,Its okay. Thats it sadly. Its okay.,3,Neutral,Neutral,Positive,Neutral,Neutral,,,,Neutral,False,False
6891,I'm so happy with the service,5,Positive,Positive,Positive,Positive,Positive,,,,Positive,True,False
8598,"Such a great location with fast & efficient service. It was 3am when I went and I'm sure the employees were tired because it was so busy but Angel and Anthony at this location specifically were SO nice and happy. They were friendly, complimentary, and just overall made the experience 10/10. Usually McDonalds is notorious for giving sub-par experiences, but this one was incredible.",5,Positive,Positive,Positive,Positive,Positive,,,,Positive,True,False
1040,"Always enjoy Mcdees..... Pretty clean bathrooms, as well as their overall interior.",5,Positive,Positive,Positive,Positive,Positive,,,,Positive,True,False
23794,Girl at the window was nasty and major attitude. Pulled out of line and left.,1,Negative,Negative,Negative,Negative,Negative,,,,Negative,True,False
23948,"Food is yucky, greasy, fake, but if you get the fries w/o salt, you have a winner",1,Negative,Negative,Negative,Neutral,Negative,,,,Negative,False,False
25458,"Be careful with young children here! We had a women approach our booth and asked personal questions about my young niece while my brother was getting the food. We tried to dismiss her and did not answer her questions, but she just sat herself in our booth uninvited. We asked her to leave several times, because it was very uncomfortable. She just continued to sit and stare at my neice. We made it clear we were having a private lunch and would like her to leave. Then the women's boyfriend called her back to his table, she left us and then they walked out shortly after. Another patron approached us after the women left our table because she believed the women was planning to abduct my niece. She noticed the women staring at my niece and told us to be safe. When we left they were parked next to our truck as well. We will definitely not be going back there.",1,Negative,Negative,Negative,Negative,Negative,,,,Negative,True,False
1207,"Very quick, and delicious",3,Neutral,Positive,Positive,Positive,Positive,,,,Positive,True,False
7514,I like breakfast here,5,Positive,Positive,Neutral,Positive,Positive,,,,Positive,False,False
22563,"Me and wife both have food poisoning from this McDonald's. That's the only food we ate that day, so it can't be anything else.",2,Negative,Negative,Negative,Negative,Negative,,,,Negative,True,False
15580,"Service v good, employees at the griddle wear gloves, employees are neat, Restroom needs to be more clean. Clorox solution for cleaning have to go. Slippery floor with that nasty clorox.",4,Positive,Positive,Positive,Neutral,Positive,,,,Positive,False,False
22500,Lovely location however due to self service on the pop the general public/homeless frequently entered the restaurant to take free pop and ice.,3,Neutral,Neutral,Positive,Neutral,Neutral,,,,Neutral,False,False
19642,The best fries,5,Positive,Positive,Positive,Positive,Positive,,,,Positive,True,False
17551,The customer services is very good,5,Positive,Positive,Positive,Positive,Positive,,,,Positive,True,False
16047,This place is horrible I do not recommend it to anyone. I stopped by for a breakfast for my children and their friends. The bread was spoiled. They should be more careful with their inventory and when giving the food..,1,Negative,Negative,Negative,Negative,Negative,,,,Negative,True,False
3614,Definitely better than what we are used to in Italy,4,Positive,Positive,Positive,Positive,Positive,,,,Positive,True,False
8685,"The old standby of a 1/4lb. w/cheese, fries and a coke was a disappointment. A warmed over hamburger patty that wasn t warm enough to melt the chee",2,Negative,Negative,Negative,Negative,Negative,,,,Negative,True,False
24631,"Never had such a terrible experience at a restaurant which is a big deal for me to say since my 3 year old is allergic to many things. This morning around 12:28 am 11/24/18 when asked the very standard "" may I see the food allergy menu"" or since that wasn't available, ""would you mind checking the ingredients on the package while I wait to place my order while others go ahead"" the cashier was told by the manager right in front of me that she would not get the menu nor would she check the ingredients and went right back to laughing and carrying on with another employee. The same manager stood around looking at others needing help during the rush without any movement or intention to step in for her team or their long waiting customers. The entire place was in disarray from the back to the front with filthy tables, floors, and bathrooms. Every trash can in the place was overflowing and the pungent smells both in the lobby and the restrooms were enough to make anyone lose their appetite. Black Friday or not... absolutely unacceptable brazen behavior from management that I would never tolerate under any circumstance from my own team at any level of the company. Zero stars...would not recommend.",1,Negative,Negative,Negative,Negative,Negative,,,,Negative,True,False
21449,My favorite place to eat and hang out. Great atmosphere and great set up for the dining area. Great prices!,5,Positive,Positive,Positive,Positive,Positive,,,,Positive,True,False
5382,"Ordered from the kiosk. Was quick, easy & convenient. Was able to customize my order.",5,Positive,Positive,Positive,Positive,Positive,,,,Positive,True,False
16655,Long lines lately outside on drive thru inside slow toi,3,Neutral,Negative,Neutral,Negative,Negative,,,,Negative,False,False
15029,Crazy congested with crazy people just setting on tables,1,Negative,Negative,Negative,Negative,Negative,,,,Negative,True,False
10846,They didn't give me what I ordered! I paid for 5 hamburgers and they only gave me 4 and the sauces were not the ones I ordered.... on top of that you don't get to refill your drink... I'd give 0 stars if I could! Avoid it,1,Negative,Negative,Positive,Negative,Negative,,,,Negative,False,False
13341,"Horrible!!!!.employees with attitude, I ordered one chicken deluxe grilled and medium fries and they tossed the fries to the tray. The whole order was cold too. Thanks for nothing.!!!!",1,Negative,Negative,Negative,Negative,Negative,,,,Negative,True,False
11294,"This place is absolutely Epic! I know this probably isn't the first time I've praised wonderful good old-fashioned McDonald's, but they never stop putting smiles on my face! Today I was overly stressed cuz I have too much going on and I forgot to mention that I wanted my cheeseburgers plain of course I remember seconds after they had me my completed order ... without any hesitation they take those two covered in sauce throw them in the trash and make me to fresh ones the way I like it! Wham bam thank you ma'am I'll see you soon!",5,Positive,Positive,Positive,Positive,Positive,,,,Positive,True,False
16034,Not much to it,3,Neutral,Neutral,Neutral,Neutral,Neutral,,,,Neutral,True,False
9011,Place is always steady but they get orders out and have good customer service skills,3,Neutral,Positive,Positive,Positive,Positive,,,,Positive,True,False
21405,"Service is friendly food is what you'd expect from any MacDonald's, the down side is because it's on the strip their prices area little bit more than normal and they don't participate in any of the promo offers advertised by McDonald's.",3,Neutral,Positive,Neutral,Neutral,Neutral,,,,Neutral,False,False
277,"Drive thru very slow, stop bye after work took about 20 minutes to get food and that's at 12:30 am .",2,Negative,Negative,Negative,Negative,Negative,,,,Negative,True,False
10198,I go to this McDonald s a lot of times and never had a problem until tonight. I ordered a McMuffin like always but this time the quality was not there. The bread was hard to bite and not fresh at all. It seems like they just,1,Negative,Negative,Negative,Negative,Negative,,,,Negative,True,False
14242,"This is the third time i ask for unsweet tea and i get sweet tea. They even repeat ""unsweet tea"" and have it on the screen as unsweet tea. Folks aren't the brightest crayons in the box .",2,Negative,Negative,Positive,Negative,Negative,,,,Negative,False,False
14244,This location is one of the best McDonald's I've eaten at. I worked there a long time ago and it's good to know it's still being run well enough.,5,Positive,Positive,Positive,Positive,Positive,,,,Positive,True,False
13918,"Food is okay just like another McDonald's but they have pizza, service is okay but always busy, building is amazing for kids with the playground and arcades.",4,Positive,Positive,Positive,Neutral,Positive,,,,Positive,False,False
9216,some homeless was there semi clean although great customer service,2,Negative,Positive,Positive,Positive,Positive,,,,Positive,True,False
9151,They are so friendly here and my orders are always right!,5,Positive,Positive,Positive,Positive,Positive,,,,Positive,True,False
18366,I was not there. I do not eat there.,1,Negative,Neutral,Neutral,Neutral,Neutral,,,,Neutral,True,False
24714,Took forever and drive through was down. Took over 30 mins to get food after they said the drive through was down and we went inside. Terrible service.,1,Negative,Negative,Negative,Negative,Negative,,,,Negative,True,False
20610,Food was cold and old.,1,Negative,Negative,Negative,Negative,Negative,,,,Negative,True,False
28602,Just stopped in for an early bite to eat,4,Positive,Positive,Neutral,Neutral,Neutral,,,,Neutral,False,False
9700,Lot of areas to improve,2,Negative,Negative,Neutral,Negative,Negative,,,,Negative,False,False
33269,"The worst experience, seeing how the supervisor denied a homeless person some fries for 25 cents. I am outraged by the lack of sensitivity on the part of the staff and seeing how they laughed at the situation! . The poor man did not go to ask or steal, he wanted to be able to eat with what he had. Shame. I will not go back to that McDonald restaurant.",1,Negative,Negative,Negative,Negative,Negative,,,,Negative,True,False
11998,Was going through and the family decided we should get McDonald's seeing how we were about 30minutes till they closed was gonna just get something small went to the drive thru and no one answered pulled to the front and saw about 5 people just looking at us weird then turning to each other and laughing.. not satisfied with them at all,1,Negative,Negative,Negative,Negative,Negative,,,,Negative,True,False
19834,Rich combos good prices,5,Positive,Positive,Positive,Positive,Positive,,,,Positive,True,False
12757,Excellent fast makes Served quick Taste great thank you have an excellent day .,5,Positive,Positive,Positive,Positive,Positive,,,,Positive,True,False
5530,Decent place,4,Positive,Positive,Positive,Positive,Positive,,,,Positive,True,False
400,Fast accurate and hot food.,5,Positive,Positive,Positive,Positive,Positive,,,,Positive,True,False
6139,The quickness and efficiency is good but the quality is missing a little. The nuggets weren,3,Neutral,Negative,Neutral,Negative,Negative,,,,Negative,False,False
2277,Great location..food and awesome drinks,5,Positive,Positive,Positive,Positive,Positive,,,,Positive,True,False
23068,Slow. Food often old.,3,Neutral,Negative,Neutral,Negative,Negative,,,,Negative,False,False
24312,"This place is amazing, clean place, nice employees and they have updated there technology. I",5,Positive,Positive,Positive,Positive,Positive,,,,Positive,True,False
19221,"This place makes it so you arent hungry by the time you get your food, then your mad because you wasted your money. If you get all your food at that. The food doesn't taste right either. The Frappe machine was out so they offered water smh.",1,Negative,Negative,Negative,Negative,Negative,,,,Negative,True,False
13229,"I mean it s a McDonald, so you know what you get. At the same time the prices around the place make you wanna come here !!",4,Positive,Positive,Negative,Positive,Positive,,,,Positive,False,False
20624,New clean,5,Positive,Positive,Positive,Positive,Positive,,,,Positive,True,False
4609,Too many homelesses,3,Neutral,Negative,Positive,Negative,Negative,,,,Negative,False,False
18613,Fresh fries.,4,Positive,Positive,Positive,Positive,Positive,,,,Positive,True,False
11258,They lie saying they are closed to not prepare your order,1,Negative,Negative,Negative,Negative,Negative,,,,Negative,True,False
13530,Automated ordering kiosks are a great addition to cut down waiting time.,5,Positive,Positive,Negative,Positive,Positive,,,,Positive,False,False
4419,Fresh hot food all of the times that I've been there,4,Positive,Positive,Positive,Positive,Positive,,,,Positive,True,False
14286,I dont really like fast food but they have ice cream cones which I'm addicted to.,3,Neutral,Positive,Neutral,Positive,Positive,,,,Positive,False,False
21537,"Considering the small location, the staff delivered prompt and courteous service!",4,Positive,Positive,Positive,Positive,Positive,,,,Positive,True,False
519,Good for a McDonalds,3,Neutral,Positive,Positive,Positive,Positive,,,,Positive,True,False
10144,I ain't never been here dawg,1,Negative,Neutral,Neutral,Neutral,Neutral,,,,Neutral,True,False
8412,Careless employees,3,Neutral,Negative,Negative,Negative,Negative,,,,Negative,True,False
19532,Good food slow service,3,Neutral,Neutral,Negative,Neutral,Neutral,,,,Neutral,False,False
8069,Servers were fast and friendly excellent,5,Positive,Positive,Positive,Positive,Positive,,,,Positive,True,False
9398,"This McDonald's was so hi-tech I was unsettled. You order from machines and put your card in that way. Like all Mickey D's, the fries are only good for about 7 minutes before they're cold and soggy. Shovel it all in before it all feels gross.",5,Positive,Neutral,Negative,Neutral,Neutral,,,,Neutral,False,False
11902,Obviously not enough staff working. Ice machine was broke. We had to go up to counter and ask for a couple things missing from our order. Things were a mess.,1,Negative,Negative,Negative,Negative,Negative,,,,Negative,True,False
24872,Was not open for dining in on Friday at 11pm- even though it clear said open on the door and the line for the drive thru was ridiculous. Better McDonald s n,1,Negative,Negative,Negative,Negative,Negative,,,,Negative,True,False
21704,24HRS? NOPE!!! I WAS THERE AT NINE LAST NIGHT!!! THE PLACE WAS CLOSED!!! I WALKED!!!!,1,Negative,Negative,Negative,Negative,Negative,,,,Negative,True,False
7867,I will give 5 stars only if Mc Donald's bring the peanuts for the Sundays back. They say is because some people are allergic. But I'm not. People has to know about what can eat and what can't eat. Thank you Mc Donald's to make me eat my favorite Sundae without peanuts,3,Neutral,Positive,Positive,Negative,Positive,,,,Positive,False,False
11586,"Rude customer service, especially coming from the shift manager.",1,Negative,Negative,Negative,Negative,Negative,,,,Negative,True,False
24774,"Not very good customer service at all except for the manager, more training needed to deal with people",1,Negative,Negative,Neutral,Negative,Negative,,,,Negative,False,False
5917,"Pretty good space employees are nice and courteous. Bathrooms are quite clean and all in all, this place is seated/ built well. Chairs are nice and comfortable. Overall, I recommend this place to others",5,Positive,Positive,Positive,Positive,Positive,,,,Positive,True,False
23824,Went in ordered 1 mcdouble 1 mcchicken an it was a manager that took my order that didn't know how to use the register and charged me for 2 mcchicken a and a mcdouble didn't notice until I already paid an was halfway home,1,Negative,Negative,Negative,Negative,Negative,,,,Negative,True,False
8484,"It was bad enough when the dining room soda machine converted to the one nozzle machine, but they also did it to the drive thru. So now all their soda tastes nasty. I thought McDonald's was supposed to have great tasting sodas, not sodas that taste like suicides. Not to mention their staff can't figure out basic orders and there's a 90% chance your order is going to be wrong in some way. Added with the homless going up to every person, this spot used to be okay and nows it's more like the last resort.",2,Negative,Negative,Neutral,Negative,Negative,,,,Negative,False,False
12559,This is a nice location to go and grab a quick meal or snack. The lines are not usually that long and the restaurant itself is usually very clean and comfortable. We often go there. I definitely recommend this location to anyone who likes McDonald's. The prices of course are also very reasonable and the turnaround time is usually very fast. Two thumbs up.,5,Positive,Positive,Positive,Positive,Positive,,,,Positive,True,False
21367,"Meh...just meh. Back in the day McDonalds was a treat you looked forward to, now the foods more expensive, the fries are never fresh, and the buns are usually stale. They've dropped the ball.",2,Negative,Negative,Negative,Negative,Negative,,,,Negative,True,False
9501,The service wasn't the best. Messed up the order a few times,3,Neutral,Negative,Positive,Negative,Negative,,,,Negative,False,False
25796,Very hot in the play area and it also smells like it's never cleaned.,2,Negative,Negative,Positive,Negative,Negative,,,,Negative,False,False
22221,Right in front of Waikiki Beach,5,Positive,Neutral,Positive,Neutral,Neutral,,,,Neutral,False,False
26559,Ehhhhhhhhh,1,Negative,Neutral,Neutral,Neutral,Neutral,,,,Neutral,True,False
17517,Fast service freshly cooked food,4,Positive,Positive,Positive,Positive,Positive,,,,Positive,True,False
933,Worst customer service ever will not return. Food was cold and frys not cooked properly. Bread had mold on it,1,Negative,Negative,Negative,Negative,Negative,,,,Negative,True,False
31967,Pancakes all days winning,4,Positive,Positive,Positive,Positive,Positive,,,,Positive,True,False
4322,Good location and same great service!,5,Positive,Positive,Positive,Positive,Positive,,,,Positive,True,False
2439,Unprofessional worker. And take too long to make food.,1,Negative,Negative,Negative,Negative,Negative,,,,Negative,True,False
21513,Worse McDonald's on the strip dirty an employee's have a attitude,2,Negative,Negative,Negative,Negative,Negative,,,,Negative,True,False
7761,They need better training on how the app works if the payment doesn t go thru it tells you payment failed it would not give you a code to pick up food if it s not paid for tonight s crew the so called manager 11:40pm 12/08 do better if a 30% coupon was applied and the payment came out and the app generates a code why would we have to pay you $5more dollars that would make us pay full price 30% off is the $5 shows it out of my account they tell me it didn t go thru so I have to pay again at the store no way how does that even make sense cancel order once again food an time wasted get new employees who know what they are doing it s always the,1,Negative,Negative,Neutral,Negative,Negative,,,,Negative,False,False
3716,Good.,3,Neutral,Positive,Positive,Positive,Positive,,,,Positive,True,False
14821,"Just Mickey, got a kid meal. The only thing I hate about this est. too many pan handlers allowed to beg in front of the doors.",2,Negative,Negative,Neutral,Negative,Negative,,,,Negative,False,False
15513,My food was overcooked. The lettuce they put on my hot & spicy was brown and it looked like it needed to thrown away. I waited almost twenty minutes for a six dollar meal. Their fountain drink machine needs to be fixed. The orange hi-c is just orange syrup and the sprite taste like carbonated water. I wont be going back there!,1,Negative,Negative,Negative,Negative,Negative,,,,Negative,True,False
6484,The restrooms so bad but the customer service very good,3,Neutral,Neutral,Neutral,Neutral,Neutral,,,,Neutral,True,False
10688,"I can't seriously believe this place is still in business AND is supposed to represent brand McDonalds...I experienced one of the worst services ever from a restaurant whilst dining here. The staff basically are not interested in serving you, they don't want to work. Manager is not interested and rest rooms are permanently closed....is this even legal? It is telling that none of the staff wear their name badges. I visited the premises on 5th July 2018 at 8.45am Seriously McDonalds...you need to close this branch down...you cannot continue to offer service this bad under your company logo. 'Service with a smile, you sure don't get that here' as one customer acknowledged....and on that note all the customers agreed. I rest my case.",1,Negative,Negative,Negative,Negative,Negative,,,,Negative,True,False
1271,Great,4,Positive,Positive,Positive,Positive,Positive,,,,Positive,True,False
21557,"Employees are so slow, waited 25 min for a big mac.",1,Negative,Negative,Negative,Negative,Negative,,,,Negative,True,False
5451,Usually very crowded and very little space inside.,4,Positive,Negative,Neutral,Negative,Negative,,,,Negative,False,False
11701,Bad service for everything,1,Negative,Negative,Negative,Negative,Negative,,,,Negative,True,False
7818,How hard is it to give people the right order?? The drive thru chick with the braces was too busy gossiping with her friend to give me the correct order on 09/25/21 at 9:15-9:30am. Stop gossiping in Spanish and work. $15 an hour where??? Hell No,1,Negative,Negative,Neutral,Negative,Negative,,,,Negative,False,False
919,"Pretty much the worst McDonald s I ve ever had, and I",1,Negative,Negative,Negative,Negative,Negative,,,,Negative,True,False
19225,My go to spot for my son and I to get our hash brown before he has class.,5,Positive,Positive,Neutral,Positive,Positive,,,,Positive,False,False
21270,Everything about this location does not work.! Tourist towm. 2 drive-thru lane that become 1 lane. Line backs up into rest of parking lot blocking parked cars at other businesses and entry driveway. Messy. Food was as expected,3,Neutral,Negative,Negative,Negative,Negative,,,,Negative,True,False
19581,Always with an attitude and take forever,1,Negative,Negative,Neutral,Negative,Negative,,,,Negative,False,False
